<?xml version="1.0"?>
<doc>
    <assembly>
        <name>CoreEx.Newtonsoft</name>
    </assembly>
    <members>
        <member name="T:CoreEx.Newtonsoft.Json.CloudEventSerializer">
            <summary>
            Provides the <see cref="T:Newtonsoft.Json.JsonSerializer"/>-based <see cref="T:CoreEx.Events.IEventSerializer"/>.
            </summary>
        </member>
        <member name="M:CoreEx.Newtonsoft.Json.CloudEventSerializer.#ctor(CoreEx.Events.EventDataFormatter,Newtonsoft.Json.JsonSerializerSettings)">
            <summary>
            Initializes a new instance of the <see cref="T:CoreEx.Newtonsoft.Json.CloudEventSerializer"/> class.
            </summary>
            <param name="eventDataFormatter">The <see cref="T:CoreEx.Events.EventDataFormatter"/>; where <c>null</c> this will default.</param>
            <param name="settings">The <see cref="T:Newtonsoft.Json.JsonSerializerSettings"/>; where <c>null</c> this will default.</param>
        </member>
        <member name="P:CoreEx.Newtonsoft.Json.CloudEventSerializer.Settings">
            <summary>
            Gets the <see cref="T:Newtonsoft.Json.JsonSerializerSettings"/>.
            </summary>
        </member>
        <member name="P:CoreEx.Newtonsoft.Json.CloudEventSerializer.JsonSerializer">
            <summary>
            Gets the underlying <see cref="T:Newtonsoft.Json.JsonSerializer"/> instance.
            </summary>
        </member>
        <member name="M:CoreEx.Newtonsoft.Json.CloudEventSerializer.DecodeAsync(System.BinaryData,System.Threading.CancellationToken)">
            <inheritdoc/>
        </member>
        <member name="M:CoreEx.Newtonsoft.Json.CloudEventSerializer.DecodeAsync``1(System.BinaryData,System.Threading.CancellationToken)">
            <inheritdoc/>
        </member>
        <member name="M:CoreEx.Newtonsoft.Json.CloudEventSerializer.EncodeAsync(CloudNative.CloudEvents.CloudEvent,System.Threading.CancellationToken)">
            <inheritdoc/>
        </member>
        <member name="T:CoreEx.Newtonsoft.Json.CollectionResultJsonConverter">
            <summary>
            Performs JSON value conversion for <see cref="T:CoreEx.Entities.ICollectionResult"/> values.
            </summary>
        </member>
        <member name="M:CoreEx.Newtonsoft.Json.CollectionResultJsonConverter.CanConvert(System.Type)">
            <inheritdoc/>
        </member>
        <member name="M:CoreEx.Newtonsoft.Json.CollectionResultJsonConverter.ReadJson(Newtonsoft.Json.JsonReader,System.Type,System.Object,Newtonsoft.Json.JsonSerializer)">
            <inheritdoc/>
        </member>
        <member name="M:CoreEx.Newtonsoft.Json.CollectionResultJsonConverter.WriteJson(Newtonsoft.Json.JsonWriter,System.Object,Newtonsoft.Json.JsonSerializer)">
            <inheritdoc/>
        </member>
        <member name="T:CoreEx.Newtonsoft.Json.ContractResolver">
            <summary>
            Extends the <see cref="T:Newtonsoft.Json.Serialization.CamelCasePropertyNamesContractResolver"/> to enable runtime configurable of JSON serialization property rename and ignore.
            </summary>
        </member>
        <member name="M:CoreEx.Newtonsoft.Json.ContractResolver.#cctor">
            <summary>
            Static constructor.
            </summary>
        </member>
        <member name="M:CoreEx.Newtonsoft.Json.ContractResolver.#ctor">
            <summary>
            Initializes a new instance of the <see cref="T:CoreEx.Newtonsoft.Json.ContractResolver"/>.
            </summary>
        </member>
        <member name="P:CoreEx.Newtonsoft.Json.ContractResolver.Default">
            <summary>
            Gets the default <see cref="T:CoreEx.Newtonsoft.Json.ContractResolver"/>.
            </summary>
            <remarks>Automatically adds the serialization property renames and ignores for <see cref="T:CoreEx.Events.EventDataBase"/>, <see cref="T:CoreEx.Events.EventData"/>, <see cref="T:CoreEx.Events.EventData`1"/>, <see cref="T:CoreEx.Entities.ChangeLog"/> and <see cref="T:CoreEx.RefData.ReferenceDataBase`1"/> types.</remarks>
        </member>
        <member name="M:CoreEx.Newtonsoft.Json.ContractResolver.AddType``1">
            <summary>
            Adds the <typeparamref name="T"/> <see cref="T:System.Type"/> by reflecting all <c>System.Text.Json.Serialization</c> property attributes to infer rename (<see cref="T:System.Text.Json.Serialization.JsonPropertyNameAttribute"/>) or ignore (<see cref="T:System.Text.Json.Serialization.JsonIgnoreAttribute"/>).
            </summary>
            <typeparam name="T">The <see cref="T:System.Type"/>.</typeparam>
            <returns>The <see cref="T:CoreEx.Newtonsoft.Json.ContractResolver"/> instance to support fluent-style method-chaining.</returns>
        </member>
        <member name="M:CoreEx.Newtonsoft.Json.ContractResolver.AddType(System.Type)">
            <summary>
            Adds the <paramref name="type"/> by reflecting all <c>System.Text.Json.Serialization</c> property attributes to infer rename (<see cref="T:System.Text.Json.Serialization.JsonPropertyNameAttribute"/>) or ignore (<see cref="T:System.Text.Json.Serialization.JsonIgnoreAttribute"/>).
            </summary>
            <param name="type">The <see cref="T:System.Type"/>.</param>
            <returns>The <see cref="T:CoreEx.Newtonsoft.Json.ContractResolver"/> instance to support fluent-style method-chaining.</returns>
        </member>
        <member name="M:CoreEx.Newtonsoft.Json.ContractResolver.AddRename(System.Type,System.Collections.Generic.IDictionary{System.String,System.String})">
            <summary>
            Renames one or more properties for a <see cref="T:System.Type"/>.
            </summary>
            <param name="type">The <see cref="T:System.Type"/>.</param>
            <param name="pairs">One or more property and JSON name pairs.</param>
            <returns>The <see cref="T:CoreEx.Newtonsoft.Json.ContractResolver"/> instance to support fluent-style method-chaining.</returns>
        </member>
        <member name="M:CoreEx.Newtonsoft.Json.ContractResolver.AddRename(System.Type,System.String,System.String)">
            <summary>
            Renames the <paramref name="type"/> property to the <paramref name="jsonName"/>.
            </summary>
            <param name="type">The <see cref="T:System.Type"/>.</param>
            <param name="propertyName">The property name.</param>
            <param name="jsonName">The JSON name.</param>
            <returns>The <see cref="T:CoreEx.Newtonsoft.Json.ContractResolver"/> instance to support fluent-style method-chaining.</returns>
        </member>
        <member name="M:CoreEx.Newtonsoft.Json.ContractResolver.AddIgnore(System.Type,System.String[])">
            <summary>
            Ignores one or more properties for a <see cref="T:System.Type"/>.
            </summary>
            <param name="type">The <see cref="T:System.Type"/>.</param>
            <param name="propertyNames">One or more property names.</param>
            <returns>The <see cref="T:CoreEx.Newtonsoft.Json.ContractResolver"/> instance to support fluent-style method-chaining.</returns>
        </member>
        <member name="M:CoreEx.Newtonsoft.Json.ContractResolver.CreateProperty(System.Reflection.MemberInfo,Newtonsoft.Json.MemberSerialization)">
            <inheritdoc/>
        </member>
        <member name="M:CoreEx.Newtonsoft.Json.ContractResolver.GetProperty(System.Reflection.MemberInfo,Newtonsoft.Json.MemberSerialization)">
            <summary>
            Gets (creates) the <see cref="T:Newtonsoft.Json.Serialization.JsonProperty"/> from the <paramref name="memberInfo"/>.
            </summary>
            <param name="memberInfo">The <see cref="T:System.Reflection.MemberInfo"/>.</param>
            <param name="memberSerialization">The <see cref="T:Newtonsoft.Json.MemberSerialization"/> option.</param>
            <returns>The <see cref="T:Newtonsoft.Json.Serialization.JsonProperty"/>.</returns>
        </member>
        <member name="T:CoreEx.Newtonsoft.Json.EventDataSerializer">
            <summary>
            Provides the <see cref="T:CoreEx.Newtonsoft.Json.JsonSerializer"/>-based <see cref="T:CoreEx.Events.IEventSerializer"/>.
            </summary>
        </member>
        <member name="M:CoreEx.Newtonsoft.Json.EventDataSerializer.#ctor(CoreEx.Json.IJsonSerializer,CoreEx.Events.EventDataFormatter)">
            <summary>
            Initializes a new instance of the <see cref="T:CoreEx.Newtonsoft.Json.EventDataSerializer"/> class.
            </summary>
            <param name="jsonSerializer">The <see cref="T:CoreEx.Json.IJsonSerializer"/>.</param>
            <param name="eventDataFormatter">The <see cref="T:CoreEx.Events.EventDataFormatter"/>.</param>
        </member>
        <member name="T:CoreEx.Newtonsoft.Json.JsonFilterer">
            <summary>
            Provides a means to apply a filter to include or exclude JSON properties (in effect removing the unwanted properties).
            </summary>
        </member>
        <member name="M:CoreEx.Newtonsoft.Json.JsonFilterer.TryApply``1(``0,System.Collections.Generic.IEnumerable{System.String},System.String@,CoreEx.Json.JsonPropertyFilter,Newtonsoft.Json.JsonSerializerSettings,System.StringComparison,System.Action{CoreEx.Json.IJsonPreFilterInspector})">
            <summary>
            Trys to apply the JSON property <paramref name="filter"/> (using JSON <paramref name="names"/>) to a <paramref name="value"/> resulting in the corresponding <paramref name="json"/>.
            </summary>
            <typeparam name="T">The value <see cref="T:System.Type"/>.</typeparam>
            <param name="value">The value.</param>
            <param name="names">The list of JSON property names to <paramref name="filter"/>.</param>
            <param name="json">The corresponding JSON <paramref name="value"/> <see cref="T:System.String"/> with the filtering applied.</param>
            <param name="filter">The <see cref="T:CoreEx.Json.JsonPropertyFilter"/>; defaults to <see cref="F:CoreEx.Json.JsonPropertyFilter.Include"/>.</param>
            <param name="settings">The optional <see cref="T:Newtonsoft.Json.JsonSerializerSettings"/>.</param>
            <param name="comparison">The names <see cref="T:System.StringComparison"/>; defaults to <see cref="F:System.StringComparison.OrdinalIgnoreCase"/>.</param>
            <param name="preFilterInspector">The <see cref="T:CoreEx.Json.IJsonPreFilterInspector"/> action.</param>
            <returns><c>true</c> indicates that at least one JSON node was filtered (removed); otherwise, <c>false</c> for no changes.</returns>
        </member>
        <member name="M:CoreEx.Newtonsoft.Json.JsonFilterer.TryApply``1(``0,System.Collections.Generic.IEnumerable{System.String},Newtonsoft.Json.Linq.JToken@,CoreEx.Json.JsonPropertyFilter,Newtonsoft.Json.JsonSerializerSettings,System.StringComparison,System.Action{CoreEx.Json.IJsonPreFilterInspector})">
            <summary>
            Trys to apply the JSON property <paramref name="filter"/> (using JSON <paramref name="names"/>) to a <paramref name="value"/> resulting in the corresponding <paramref name="json"/>.
            </summary>
            <typeparam name="T">The value <see cref="T:System.Type"/>.</typeparam>
            <param name="value">The value.</param>
            <param name="names">The list of JSON property names to <paramref name="filter"/>.</param>
            <param name="json">The corresponding <paramref name="value"/> <see cref="T:Newtonsoft.Json.Linq.JToken"/> with the filtering applied.</param>
            <param name="filter">The <see cref="T:CoreEx.Json.JsonPropertyFilter"/>; defaults to <see cref="F:CoreEx.Json.JsonPropertyFilter.Include"/>.</param>
            <param name="settings">The optional <see cref="T:Newtonsoft.Json.JsonSerializerSettings"/>.</param>
            <param name="comparison">The names <see cref="T:System.StringComparison"/>; defaults to <see cref="F:System.StringComparison.OrdinalIgnoreCase"/>.</param>
            <param name="preFilterInspector">The <see cref="T:CoreEx.Json.IJsonPreFilterInspector"/> action.</param>
            <returns><c>true</c> indicates that at least one JSON node was filtered (removed); otherwise, <c>false</c> for no changes.</returns>
        </member>
        <member name="M:CoreEx.Newtonsoft.Json.JsonFilterer.Apply(Newtonsoft.Json.Linq.JToken,System.Collections.Generic.IEnumerable{System.String},CoreEx.Json.JsonPropertyFilter,System.StringComparison)">
            <summary>
            Applies the inclusion and exclusion of properties (using JSON names) to an existing <see cref="T:Newtonsoft.Json.Linq.JToken"/>.
            </summary>
            <param name="json">The <see cref="T:Newtonsoft.Json.Linq.JToken"/> value.</param>
            <param name="names">The list of JSON property names to <paramref name="filter"/>.</param>
            <param name="filter">The <see cref="T:CoreEx.Json.JsonPropertyFilter"/>; defaults to <see cref="F:CoreEx.Json.JsonPropertyFilter.Include"/>.</param>
            <param name="comparison">The names <see cref="T:System.StringComparison"/>; defaults to <see cref="F:System.StringComparison.OrdinalIgnoreCase"/>.</param>
            <remarks><c>true</c> indicates that at least one JSON node was filtered (removed); otherwise, <c>false</c> for no changes.</remarks>
        </member>
        <member name="M:CoreEx.Newtonsoft.Json.JsonFilterer.JsonFilter(Newtonsoft.Json.Linq.JToken,System.String,System.Collections.Generic.Dictionary{System.String,System.Boolean},CoreEx.Json.JsonPropertyFilter,System.Int32,System.Int32,System.Boolean@,System.StringComparison)">
            <summary>
            Filter the JSON nodes based on the includes/excludes.
            </summary>
        </member>
        <member name="T:CoreEx.Newtonsoft.Json.JsonPreFilterInspector">
            <summary>
            Provides pre (prior) to filtering JSON inspection.
            </summary>
        </member>
        <member name="M:CoreEx.Newtonsoft.Json.JsonPreFilterInspector.#ctor(Newtonsoft.Json.Linq.JToken)">
            <summary>
            Initializes a new instance of the <see cref="T:CoreEx.Newtonsoft.Json.JsonPreFilterInspector"/> struct. 
            </summary>
            <param name="json">The <see cref="T:Newtonsoft.Json.Linq.JToken"/>.</param>
        </member>
        <member name="P:CoreEx.Newtonsoft.Json.JsonPreFilterInspector.CoreEx#Json#IJsonPreFilterInspector#Json">
            <inheritdoc/>
        </member>
        <member name="P:CoreEx.Newtonsoft.Json.JsonPreFilterInspector.Json">
            <summary>
            Gets the <see cref="T:Newtonsoft.Json.Linq.JToken"/> before any filtering has been applied.
            </summary>
        </member>
        <member name="M:CoreEx.Newtonsoft.Json.JsonPreFilterInspector.ToJsonString">
            <inheritdoc/>
        </member>
        <member name="T:CoreEx.Newtonsoft.Json.JsonSerializer">
            <summary>
            Provides the <see cref="T:Newtonsoft.Json.JsonSerializer"/> encapsulated implementation.
            </summary>
        </member>
        <member name="P:CoreEx.Newtonsoft.Json.JsonSerializer.DefaultSettings">
            <summary>
            Gets or sets the default <see cref="T:Newtonsoft.Json.JsonSerializerSettings"/>.
            </summary>
            <remarks>The following <see cref="T:Newtonsoft.Json.JsonSerializerSettings"/> will default:
            <list type="bullet">
             <item><description><see cref="P:Newtonsoft.Json.JsonSerializerSettings.DefaultValueHandling"/> = <see cref="F:Newtonsoft.Json.DefaultValueHandling.Ignore"/>.</description></item>
             <item><description><see cref="P:Newtonsoft.Json.JsonSerializerSettings.NullValueHandling"/> = <see cref="F:Newtonsoft.Json.NullValueHandling.Ignore"/>.</description></item>
             <item><description><see cref="P:Newtonsoft.Json.JsonSerializerSettings.Formatting"/> = <see cref="F:Newtonsoft.Json.Formatting.None"/>.</description></item>
             <item><description><see cref="P:Newtonsoft.Json.JsonSerializerSettings.ContractResolver"/> = <see cref="P:CoreEx.Newtonsoft.Json.ContractResolver.Default"/>.</description></item>
             <item><description><see cref="P:Newtonsoft.Json.JsonSerializerSettings.Converters"/> = <see cref="T:Newtonsoft.Json.Converters.StringEnumConverter"/>, <see cref="T:CoreEx.Newtonsoft.Json.ReferenceDataJsonConverter"/>, <see cref="T:CoreEx.Newtonsoft.Json.CollectionResultJsonConverter"/>.</description></item>
            </list>
            </remarks>
        </member>
        <member name="M:CoreEx.Newtonsoft.Json.JsonSerializer.#ctor(Newtonsoft.Json.JsonSerializerSettings)">
            <summary>
            Initializes a new instance of the <see cref="T:CoreEx.Newtonsoft.Json.JsonSerializer"/> class.
            </summary>
            <param name="settings">The <see cref="T:Newtonsoft.Json.JsonSerializerSettings"/>. Defaults to <see cref="P:CoreEx.Newtonsoft.Json.JsonSerializer.DefaultSettings"/>.</param>
        </member>
        <member name="P:CoreEx.Newtonsoft.Json.JsonSerializer.CoreEx#Json#IJsonSerializer#Options">
            <summary>
            Gets the underlying serializer configuration settings/options.
            </summary>
        </member>
        <member name="P:CoreEx.Newtonsoft.Json.JsonSerializer.Settings">
            <summary>
            Gets the <see cref="T:Newtonsoft.Json.JsonSerializerSettings"/>.
            </summary>
        </member>
        <member name="M:CoreEx.Newtonsoft.Json.JsonSerializer.Serialize``1(``0,System.Nullable{CoreEx.Json.JsonWriteFormat})">
            <inheritdoc/>
        </member>
        <member name="M:CoreEx.Newtonsoft.Json.JsonSerializer.SerializeToBinaryData``1(``0,System.Nullable{CoreEx.Json.JsonWriteFormat})">
            <inheritdoc/>
        </member>
        <member name="M:CoreEx.Newtonsoft.Json.JsonSerializer.Deserialize(System.String)">
            <inheritdoc/>
        </member>
        <member name="M:CoreEx.Newtonsoft.Json.JsonSerializer.Deserialize(System.String,System.Type)">
            <inheritdoc/>
        </member>
        <member name="M:CoreEx.Newtonsoft.Json.JsonSerializer.Deserialize``1(System.String)">
            <inheritdoc/>
        </member>
        <member name="M:CoreEx.Newtonsoft.Json.JsonSerializer.Deserialize(System.BinaryData)">
            <inheritdoc/>
        </member>
        <member name="M:CoreEx.Newtonsoft.Json.JsonSerializer.Deserialize``1(System.BinaryData)">
            <inheritdoc/>
        </member>
        <member name="M:CoreEx.Newtonsoft.Json.JsonSerializer.Deserialize(System.BinaryData,System.Type)">
            <inheritdoc/>
        </member>
        <member name="M:CoreEx.Newtonsoft.Json.JsonSerializer.TryApplyFilter``1(``0,System.Collections.Generic.IEnumerable{System.String},System.String@,CoreEx.Json.JsonPropertyFilter,System.StringComparison,System.Action{CoreEx.Json.IJsonPreFilterInspector})">
            <inheritdoc/>
        </member>
        <member name="M:CoreEx.Newtonsoft.Json.JsonSerializer.TryApplyFilter``1(``0,System.Collections.Generic.IEnumerable{System.String},System.Object@,CoreEx.Json.JsonPropertyFilter,System.StringComparison,System.Action{CoreEx.Json.IJsonPreFilterInspector})">
            <inheritdoc/>
        </member>
        <member name="M:CoreEx.Newtonsoft.Json.JsonSerializer.CoreEx#Json#IJsonSerializer#TryGetJsonName(System.Reflection.MemberInfo,System.String@)">
            <inheritdoc/>
        </member>
        <member name="M:CoreEx.Newtonsoft.Json.JsonSerializer.CopySettings(CoreEx.Json.JsonWriteFormat)">
            <summary>
            Copies the settings.
            </summary>
        </member>
        <member name="T:CoreEx.Newtonsoft.Json.ReferenceDataContentJsonSerializer">
            <summary>
            Provides the JSON Serialize and Deserialize implementation to allow <see cref="T:CoreEx.RefData.IReferenceData"/> types to serialize contents.
            </summary>
            <remarks>Generally, <see cref="T:CoreEx.RefData.IReferenceData"/> types will serialize the <see cref="P:CoreEx.RefData.IReferenceData.Code"/> as the value; this allows for full <see cref="T:CoreEx.RefData.IReferenceData"/> contents to be serialized.</remarks>
        </member>
        <member name="P:CoreEx.Newtonsoft.Json.ReferenceDataContentJsonSerializer.DefaultSettings">
            <summary>
            Gets or sets the default <see cref="T:Newtonsoft.Json.JsonSerializerSettings"/> without <see cref="T:CoreEx.Newtonsoft.Json.ReferenceDataJsonConverter"/> to allow <see cref="T:CoreEx.RefData.IReferenceData"/> types to serialize contents.
            </summary>
            <remarks>The following <see cref="T:Newtonsoft.Json.JsonSerializerSettings"/> will default:
            <list type="bullet">
             <item><description><see cref="P:Newtonsoft.Json.JsonSerializerSettings.DefaultValueHandling"/> = <see cref="F:Newtonsoft.Json.DefaultValueHandling.Ignore"/>.</description></item>
             <item><description><see cref="P:Newtonsoft.Json.JsonSerializerSettings.NullValueHandling"/> = <see cref="F:Newtonsoft.Json.NullValueHandling.Ignore"/>.</description></item>
             <item><description><see cref="P:Newtonsoft.Json.JsonSerializerSettings.Formatting"/> = <see cref="F:Newtonsoft.Json.Formatting.None"/>.</description></item>
             <item><description><see cref="P:Newtonsoft.Json.JsonSerializerSettings.ContractResolver"/> = <see cref="P:CoreEx.Newtonsoft.Json.ContractResolver.Default"/>.</description></item>
             <item><description><see cref="P:Newtonsoft.Json.JsonSerializerSettings.Converters"/> = <see cref="T:Newtonsoft.Json.Converters.StringEnumConverter"/> and <see cref="T:CoreEx.Newtonsoft.Json.CollectionResultJsonConverter"/>.</description></item>
            </list>
            </remarks>
        </member>
        <member name="M:CoreEx.Newtonsoft.Json.ReferenceDataContentJsonSerializer.#ctor(Newtonsoft.Json.JsonSerializerSettings)">
            <summary>
            Initializes a new instance of the <see cref="T:CoreEx.Newtonsoft.Json.JsonSerializer"/> class.
            </summary>
            <param name="settings">The <see cref="T:Newtonsoft.Json.JsonSerializerSettings"/>. Defaults to <see cref="P:CoreEx.Newtonsoft.Json.ReferenceDataContentJsonSerializer.DefaultSettings"/>.</param>
        </member>
        <member name="T:CoreEx.Newtonsoft.Json.ReferenceDataJsonConverter">
            <summary>
            Performs JSON value conversion for <see cref="T:CoreEx.RefData.IReferenceData"/> values.
            </summary>
        </member>
        <member name="M:CoreEx.Newtonsoft.Json.ReferenceDataJsonConverter.CanConvert(System.Type)">
            <inheritdoc/>
        </member>
        <member name="M:CoreEx.Newtonsoft.Json.ReferenceDataJsonConverter.ReadJson(Newtonsoft.Json.JsonReader,System.Type,System.Object,Newtonsoft.Json.JsonSerializer)">
            <inheritdoc/>
        </member>
        <member name="M:CoreEx.Newtonsoft.Json.ReferenceDataJsonConverter.WriteJson(Newtonsoft.Json.JsonWriter,System.Object,Newtonsoft.Json.JsonSerializer)">
            <inheritdoc/>
        </member>
        <member name="T:CoreEx.Newtonsoft.Json.SubstituteNamingStrategy">
            <summary>
            Provides a substitution and camel case naming strategy.
            </summary>
            <remarks>Converts the name by checking <see cref="P:CoreEx.Json.JsonSerializer.NameSubstitutions"/>, then uses <see cref="T:Newtonsoft.Json.Serialization.CamelCaseNamingStrategy"/>.</remarks>
        </member>
        <member name="P:CoreEx.Newtonsoft.Json.SubstituteNamingStrategy.Substitute">
            <summary>
            Gets the <see cref="T:CoreEx.Newtonsoft.Json.SubstituteNamingStrategy"/> instance.
            </summary>
        </member>
        <member name="M:CoreEx.Newtonsoft.Json.SubstituteNamingStrategy.#ctor">
            <summary>
            Initializes a new instance of the <see cref="T:CoreEx.Newtonsoft.Json.SubstituteNamingStrategy"/> class.
            </summary>
        </member>
        <member name="M:CoreEx.Newtonsoft.Json.SubstituteNamingStrategy.GetPropertyName(System.String,System.Boolean)">
            <inheritdoc/>
        </member>
        <member name="M:CoreEx.Newtonsoft.Json.SubstituteNamingStrategy.GetDictionaryKey(System.String)">
            <inheritdoc/>
        </member>
        <member name="T:Microsoft.Extensions.DependencyInjection.NewtonsoftServiceCollectionExtensions">
            <summary>
            Provides <see cref="T:Microsoft.Extensions.DependencyInjection.IServiceCollection"/> extensions.
            </summary>
        </member>
        <member name="M:Microsoft.Extensions.DependencyInjection.NewtonsoftServiceCollectionExtensions.CheckServices(Microsoft.Extensions.DependencyInjection.IServiceCollection)">
            <summary>
            Checks that the <see cref="T:Microsoft.Extensions.DependencyInjection.IServiceCollection"/> is not null.
            </summary>
        </member>
        <member name="M:Microsoft.Extensions.DependencyInjection.NewtonsoftServiceCollectionExtensions.AddNewtonsoftJsonSerializer(Microsoft.Extensions.DependencyInjection.IServiceCollection)">
            <summary>
            Adds the <see cref="T:CoreEx.Newtonsoft.Json.JsonSerializer"/> as the <see cref="T:CoreEx.Json.IJsonSerializer"/> and <see cref="T:CoreEx.Newtonsoft.Json.ReferenceDataContentJsonSerializer"/> as the <see cref="T:CoreEx.Json.IReferenceDataContentJsonSerializer"/> singleton services.
            </summary>
            <param name="services">The <see cref="T:Microsoft.Extensions.DependencyInjection.IServiceCollection"/>.</param>
            <returns>The <see cref="T:Microsoft.Extensions.DependencyInjection.IServiceCollection"/>.</returns>
        </member>
        <member name="M:Microsoft.Extensions.DependencyInjection.NewtonsoftServiceCollectionExtensions.AddNewtonsoftCloudEventSerializer(Microsoft.Extensions.DependencyInjection.IServiceCollection)">
            <summary>
            Adds the <see cref="T:CoreEx.Newtonsoft.Json.CloudEventSerializer"/> as the <see cref="T:CoreEx.Events.IEventSerializer"/> singleton service.
            </summary>
            <param name="services">The <see cref="T:Microsoft.Extensions.DependencyInjection.IServiceCollection"/>.</param>
            <returns>The <see cref="T:Microsoft.Extensions.DependencyInjection.IServiceCollection"/>.</returns>
        </member>
        <member name="M:Microsoft.Extensions.DependencyInjection.NewtonsoftServiceCollectionExtensions.AddNewtonsoftEventDataSerializer(Microsoft.Extensions.DependencyInjection.IServiceCollection,System.Action{CoreEx.Newtonsoft.Json.EventDataSerializer})">
            <summary>
            Adds the <see cref="T:CoreEx.Newtonsoft.Json.EventDataSerializer"/> as the <see cref="T:CoreEx.Events.IEventSerializer"/> singleton service.
            </summary>
            <param name="configure">The action to enable the <see cref="T:CoreEx.Newtonsoft.Json.EventDataSerializer"/> to be further configured.</param>
            <param name="services">The <see cref="T:Microsoft.Extensions.DependencyInjection.IServiceCollection"/>.</param>
            <returns>The <see cref="T:Microsoft.Extensions.DependencyInjection.IServiceCollection"/>.</returns>
        </member>
    </members>
</doc>
