<?xml version="1.0"?>
<doc>
    <assembly>
        <name>CoreEx.Database.SqlServer</name>
    </assembly>
    <members>
        <member name="T:Microsoft.Extensions.DependencyInjection.DatabaseServiceCollectionExtensions">
            <summary>
            Provides <see cref="T:Microsoft.Extensions.DependencyInjection.IServiceCollection"/> extension methods.
            </summary>
        </member>
        <member name="M:Microsoft.Extensions.DependencyInjection.DatabaseServiceCollectionExtensions.AddSqlServerEventOutboxHostedService(Microsoft.Extensions.DependencyInjection.IServiceCollection,System.Func{System.IServiceProvider,CoreEx.Database.SqlServer.Outbox.EventOutboxDequeueBase},System.String,System.String)">
            <summary>
            Adds the <see cref="T:CoreEx.Database.SqlServer.Outbox.EventOutboxHostedService"/> using the <see cref="M:Microsoft.Extensions.DependencyInjection.ServiceCollectionHostedServiceExtensions.AddHostedService``1(Microsoft.Extensions.DependencyInjection.IServiceCollection)"/>. 
            </summary>
            <param name="services">The <see cref="T:Microsoft.Extensions.DependencyInjection.IServiceCollection"/>.</param>
            <param name="eventOutboxDequeueFactory">The function to create an instance of <see cref="T:CoreEx.Database.SqlServer.Outbox.EventOutboxDequeueBase"/> (used to set the underlying <see cref="P:CoreEx.Database.SqlServer.Outbox.EventOutboxHostedService.EventOutboxDequeueFactory"/> property).</param>
            <param name="partitionKey">The optional partition key.</param>
            <param name="destination">The optional destination name (i.e. queue or topic).</param>
            <returns>The <see cref="T:Microsoft.Extensions.DependencyInjection.IServiceCollection"/>.</returns>
            <remarks>To turn off the execution of the <see cref="T:CoreEx.Database.SqlServer.Outbox.EventOutboxHostedService"/>(s) at runtime set the '<c>EventOutboxHostedService</c>' configuration setting to <c>false</c>.</remarks>
        </member>
        <member name="T:CoreEx.DataBase.HealthChecks.SqlServerHealthCheck">
            <summary>
            Provides the <b>SQL Server</b> <see cref="T:Microsoft.Extensions.Diagnostics.HealthChecks.IHealthCheck"/> implementation.
            </summary>
        </member>
        <member name="M:CoreEx.DataBase.HealthChecks.SqlServerHealthCheck.#ctor(CoreEx.Configuration.SettingsBase,System.String)">
            <summary>
            Initializes a new instance of the <see cref="T:CoreEx.DataBase.HealthChecks.SqlServerHealthCheck"/> class.
            </summary>
            <remarks>Note that the constructor takes setting NAMES not values; values are looked up from <paramref name="settings"/>.</remarks>
        </member>
        <member name="M:CoreEx.DataBase.HealthChecks.SqlServerHealthCheck.#ctor(CoreEx.Configuration.SettingsBase,System.String,Microsoft.Extensions.Diagnostics.HealthChecks.IHealthCheck)">
            <summary>
            Initializes a new instance of the <see cref="T:CoreEx.DataBase.HealthChecks.SqlServerHealthCheck"/> class.
            </summary>
            <remarks>Note that the constructor takes setting NAMES not values; values are looked up from <paramref name="settings"/>.</remarks>
        </member>
        <member name="M:CoreEx.DataBase.HealthChecks.SqlServerHealthCheck.CheckHealthAsync(Microsoft.Extensions.Diagnostics.HealthChecks.HealthCheckContext,System.Threading.CancellationToken)">
            <inheritdoc/>
        </member>
        <member name="T:CoreEx.Database.SqlServer.Outbox.EventOutboxDequeueBase">
            <summary>
            Provides the base <see cref="T:CoreEx.Events.EventSendData"/> <see cref="T:CoreEx.Database.IDatabase">database</see> <i>outbox dequeue</i> and corresponding <see cref="M:CoreEx.Events.IEventSender.SendAsync(System.Collections.Generic.IEnumerable{CoreEx.Events.EventSendData},System.Threading.CancellationToken)"/>.
            </summary>
        </member>
        <member name="M:CoreEx.Database.SqlServer.Outbox.EventOutboxDequeueBase.#ctor(CoreEx.Database.IDatabase,CoreEx.Events.IEventSender,Microsoft.Extensions.Logging.ILogger{CoreEx.Database.SqlServer.Outbox.EventOutboxDequeueBase})">
            <summary>
            Initializes a new instance of the <see cref="T:CoreEx.Database.SqlServer.Outbox.EventOutboxDequeueBase"/> class.
            </summary>
            <param name="database">The <see cref="T:CoreEx.Database.IDatabase"/>.</param>
            <param name="eventSender">The <see cref="T:CoreEx.Events.IEventSender"/>.</param>
            <param name="logger">The <see cref="T:Microsoft.Extensions.Logging.ILogger"/>.</param>
        </member>
        <member name="P:CoreEx.Database.SqlServer.Outbox.EventOutboxDequeueBase.Database">
            <summary>
            Gets the <see cref="T:CoreEx.Database.IDatabase"/>.
            </summary>
        </member>
        <member name="P:CoreEx.Database.SqlServer.Outbox.EventOutboxDequeueBase.EventSender">
            <summary>
            Gets the <see cref="T:CoreEx.Events.IEventSender"/>.
            </summary>
        </member>
        <member name="P:CoreEx.Database.SqlServer.Outbox.EventOutboxDequeueBase.Logger">
            <summary>
            Gets the <see cref="T:Microsoft.Extensions.Logging.ILogger"/>.
            </summary>
        </member>
        <member name="P:CoreEx.Database.SqlServer.Outbox.EventOutboxDequeueBase.DequeueStoredProcedure">
            <summary>
            Gets the event outbox <i>dequeue</i> stored procedure name.
            </summary>
        </member>
        <member name="P:CoreEx.Database.SqlServer.Outbox.EventOutboxDequeueBase.EventIdColumnName">
            <summary>
            Gets the column name for the <see cref="P:CoreEx.Events.EventDataBase.Id"/> property within the event outbox table.
            </summary>
            <remarks>Defaults to '<c>EventId</c>'.</remarks>
        </member>
        <member name="P:CoreEx.Database.SqlServer.Outbox.EventOutboxDequeueBase.DefaultPartitionKey">
            <summary>
            Gets or sets the default partition key.
            </summary>
            <remarks>Defaults to '<c>$default</c>'. This will ensure that value is nullified when reading from the database.</remarks>
        </member>
        <member name="P:CoreEx.Database.SqlServer.Outbox.EventOutboxDequeueBase.DefaultDestination">
            <summary>
            Gets or sets the default destination name.
            </summary>
            <remarks>Defaults to '<c>$default</c>'. This will ensure that value is nullified when reading from the database.</remarks>
        </member>
        <member name="M:CoreEx.Database.SqlServer.Outbox.EventOutboxDequeueBase.DequeueAndSendAsync(System.Int32,System.String,System.String,System.Threading.CancellationToken)">
            <summary>
            Performs the dequeue of the events (up to <paramref name="maxDequeueSize"/>) from the database outbox and then sends (via <see cref="P:CoreEx.Database.SqlServer.Outbox.EventOutboxDequeueBase.EventSender"/>).
            </summary>
            <param name="maxDequeueSize">The maximum dequeue size. Defaults to 50.</param>
            <param name="partitionKey">The partition key.</param>
            <param name="destination">The destination name (i.e. queue or topic).</param>
            <param name="cancellationToken">The <see cref="T:System.Threading.CancellationToken"/>.</param>
            <returns>The number of dequeued and sent events.</returns>
        </member>
        <member name="M:CoreEx.Database.SqlServer.Outbox.EventOutboxDequeueBase.DequeueAsync(System.Int32,System.String,System.String,System.Threading.CancellationToken)">
            <summary>
            Dequeues the <see cref="T:CoreEx.Events.EventSendData"/> list.
            </summary>
        </member>
        <member name="M:CoreEx.Database.SqlServer.Outbox.EventOutboxDequeueBase.MapFromDb(CoreEx.Database.DatabaseRecord,CoreEx.Mapping.OperationTypes)">
            <inheritdoc/>
        </member>
        <member name="M:CoreEx.Database.SqlServer.Outbox.EventOutboxDequeueBase.CoreEx#Database#IDatabaseMapper{CoreEx#Events#EventSendData}#MapToDb(CoreEx.Events.EventSendData,CoreEx.Database.DatabaseParameterCollection,CoreEx.Mapping.OperationTypes)">
            <inheritdoc/>
            <remarks>This method will result in a <see cref="T:System.NotSupportedException"/>.</remarks>
        </member>
        <member name="T:CoreEx.Database.SqlServer.Outbox.EventOutboxEnqueueBase">
            <summary>
            Provides the base <see cref="T:CoreEx.Events.EventSendData"/> <see cref="T:CoreEx.Database.IDatabase">database</see> <i>outbox enqueue</i> <see cref="M:CoreEx.Events.IEventSender.SendAsync(System.Collections.Generic.IEnumerable{CoreEx.Events.EventSendData},System.Threading.CancellationToken)"/>. 
            </summary>
            <remarks>By default the events are first sent/enqueued to the database outbox, then a secondary out-of-process dequeues and sends. This can however introduce unwanted latency depending on the frequency in which the secondary process
            performs the dequeue and send, as this is essentially a polling-based operation. To improve (minimize) latency, the primary <see cref="T:CoreEx.Events.IEventSender"/> can be specified using <see cref="M:CoreEx.Database.SqlServer.Outbox.EventOutboxEnqueueBase.SetPrimaryEventSender(CoreEx.Events.IEventSender)"/>. This will
            then be used to send the events immediately, and where successful, they will be audited in the database as dequeued event(s); versus on error (as a backup), where they will be enqueued for the out-of-process dequeue and send (as per default).</remarks>
        </member>
        <member name="M:CoreEx.Database.SqlServer.Outbox.EventOutboxEnqueueBase.#ctor(CoreEx.Database.IDatabase,Microsoft.Extensions.Logging.ILogger{CoreEx.Database.SqlServer.Outbox.EventOutboxEnqueueBase})">
            <summary>
            Initializes a new instance of the <see cref="T:CoreEx.Database.SqlServer.Outbox.EventOutboxEnqueueBase"/> class.
            </summary>
            <param name="database">The <see cref="T:CoreEx.Database.IDatabase"/>.</param>
            <param name="logger">The <see cref="T:Microsoft.Extensions.Logging.ILogger"/>.</param>
        </member>
        <member name="P:CoreEx.Database.SqlServer.Outbox.EventOutboxEnqueueBase.Database">
            <summary>
            Gets the <see cref="T:CoreEx.Database.IDatabase"/>.
            </summary>
        </member>
        <member name="P:CoreEx.Database.SqlServer.Outbox.EventOutboxEnqueueBase.Logger">
            <summary>
            Gets the <see cref="T:Microsoft.Extensions.Logging.ILogger"/>.
            </summary>
        </member>
        <member name="P:CoreEx.Database.SqlServer.Outbox.EventOutboxEnqueueBase.DbTvpTypeName">
            <summary>
            Gets the database type name for the <see cref="T:CoreEx.Database.SqlServer.TableValuedParameter"/>.
            </summary>
        </member>
        <member name="P:CoreEx.Database.SqlServer.Outbox.EventOutboxEnqueueBase.EnqueueStoredProcedure">
            <summary>
            Gets the event outbox <i>enqueue</i> stored procedure name.
            </summary>
        </member>
        <member name="P:CoreEx.Database.SqlServer.Outbox.EventOutboxEnqueueBase.EventIdColumnName">
            <summary>
            Gets the column name for the <see cref="P:CoreEx.Events.EventDataBase.Id"/> property within the event outbox table.
            </summary>
            <remarks>Defaults to '<c>EventId</c>'.</remarks>
        </member>
        <member name="P:CoreEx.Database.SqlServer.Outbox.EventOutboxEnqueueBase.DefaultPartitionKey">
            <summary>
            Gets or sets the default partition key.
            </summary>
            <remarks>Defaults to '<c>$default</c>'. This will ensure that there is always a value recorded in the database.</remarks>
        </member>
        <member name="P:CoreEx.Database.SqlServer.Outbox.EventOutboxEnqueueBase.DefaultDestination">
            <summary>
            Gets or sets the default destination name.
            </summary>
            <remarks>Defaults to '<c>$default</c>'. This will ensure that there is always a value recorded in the database.</remarks>
        </member>
        <member name="M:CoreEx.Database.SqlServer.Outbox.EventOutboxEnqueueBase.SetPrimaryEventSender(CoreEx.Events.IEventSender)">
            <summary>
            Sets the optional <see cref="T:CoreEx.Events.IEventSender"/> to act as the primary <see cref="T:CoreEx.Events.IEventSender"/> where <i>outbox enqueue</i> is to provide backup/audit capabilities.
            </summary>
        </member>
        <member name="M:CoreEx.Database.SqlServer.Outbox.EventOutboxEnqueueBase.SendAsync(System.Collections.Generic.IEnumerable{CoreEx.Events.EventSendData},System.Threading.CancellationToken)">
            <summary>
            <inheritdoc/>
            </summary>
            <param name="events"><inheritdoc/></param>
            <param name="cancellationToken"><inheritdoc/></param>
            <remarks>Executes the <see cref="P:CoreEx.Database.SqlServer.Outbox.EventOutboxEnqueueBase.EnqueueStoredProcedure"/> to <i>send / enqueue</i> the <paramref name="events"/> to the underlying database outbox tables.</remarks>
        </member>
        <member name="M:CoreEx.Database.SqlServer.Outbox.EventOutboxEnqueueBase.CreateTableValuedParameter(System.Collections.Generic.IEnumerable{CoreEx.Events.EventSendData},System.Collections.Generic.IEnumerable{CoreEx.Events.EventSendData})">
            <summary>
            Creates the TVP from the list.
            </summary>
        </member>
        <member name="T:CoreEx.Database.SqlServer.Outbox.EventOutboxHostedService">
            <summary>
            Provides the <see cref="T:CoreEx.Database.SqlServer.Outbox.EventOutboxDequeueBase"/> dequeue and publish (<see cref="T:CoreEx.Hosting.SynchronizedTimerHostedServiceBase`1"/>) capabilities.
            </summary>
            <remarks>This will instantiate an <see cref="T:CoreEx.Database.SqlServer.Outbox.EventOutboxDequeueBase"/> using the underlying <see cref="T:Microsoft.Extensions.DependencyInjection.ServiceProvider"/> and invoke <see cref="M:CoreEx.Database.SqlServer.Outbox.EventOutboxDequeueBase.DequeueAndSendAsync(System.Int32,System.String,System.String,System.Threading.CancellationToken)"/>.</remarks>
        </member>
        <member name="P:CoreEx.Database.SqlServer.Outbox.EventOutboxHostedService.IntervalName">
            <summary>
            Get or sets the configuration name for <see cref="P:CoreEx.Database.SqlServer.Outbox.EventOutboxHostedService.Interval"/>. Defaults to '<c>OutboxInterval</c>'.
            </summary>
        </member>
        <member name="P:CoreEx.Database.SqlServer.Outbox.EventOutboxHostedService.MaxDequeueSizeName">
            <summary>
            Gets or sets the configuration name for <see cref="P:CoreEx.Database.SqlServer.Outbox.EventOutboxHostedService.MaxDequeueSize"/>. Defaults to '<c>OutboxMaxDequeueSize</c>'.
            </summary>
        </member>
        <member name="P:CoreEx.Database.SqlServer.Outbox.EventOutboxHostedService.DefaultInterval">
            <summary>
            Gets or sets the default interval seconds used where the specified <see cref="P:CoreEx.Database.SqlServer.Outbox.EventOutboxHostedService.Interval"/> is not configured/specified. Defaults to <b>thirty</b> seconds.
            </summary>
        </member>
        <member name="M:CoreEx.Database.SqlServer.Outbox.EventOutboxHostedService.#ctor(System.IServiceProvider,Microsoft.Extensions.Logging.ILogger{CoreEx.Database.SqlServer.Outbox.EventOutboxHostedService},CoreEx.Configuration.SettingsBase,CoreEx.Hosting.IServiceSynchronizer,System.String,System.String)">
            <summary>
            Initializes a new instance of the <see cref="T:CoreEx.Database.SqlServer.Outbox.EventOutboxHostedService"/> class.
            </summary>
            <param name="serviceProvider">The <see cref="T:System.IServiceProvider"/>.</param>
            <param name="logger">The <see cref="T:Microsoft.Extensions.Logging.ILogger"/>.</param>
            <param name="settings">The <see cref="T:CoreEx.Configuration.SettingsBase"/>.</param>
            <param name="synchronizer">The <see cref="T:CoreEx.Hosting.IServiceSynchronizer"/>.</param>
            <param name="partitionKey">The optional partition key.</param>
            <param name="destination">The optional destination name (i.e. queue or topic).</param>
        </member>
        <member name="P:CoreEx.Database.SqlServer.Outbox.EventOutboxHostedService.PartitionKey">
            <summary>
            Gets the optional partition key.
            </summary>
        </member>
        <member name="P:CoreEx.Database.SqlServer.Outbox.EventOutboxHostedService.Destination">
            <summary>
            Gets the optional destination name (i.e. queue or topic).
            </summary>
        </member>
        <member name="P:CoreEx.Database.SqlServer.Outbox.EventOutboxHostedService.ServiceName">
            <summary>
            Gets the service name (used for the likes of configuration and logging).
            </summary>
        </member>
        <member name="P:CoreEx.Database.SqlServer.Outbox.EventOutboxHostedService.Interval">
            <summary>
            Gets or sets the interval between each execution.
            </summary>
            <remarks>Will default to <see cref="T:CoreEx.Configuration.SettingsBase"/> configuration, a) <see cref="P:CoreEx.Hosting.TimerHostedServiceBase.ServiceName"/> : <see cref="P:CoreEx.Database.SqlServer.Outbox.EventOutboxHostedService.IntervalName"/>, then b) <see cref="P:CoreEx.Database.SqlServer.Outbox.EventOutboxHostedService.IntervalName"/>, where specified; otherwise, <see cref="P:CoreEx.Database.SqlServer.Outbox.EventOutboxHostedService.DefaultInterval"/>.</remarks>
        </member>
        <member name="P:CoreEx.Database.SqlServer.Outbox.EventOutboxHostedService.MaxDequeueSize">
            <summary>
            Gets or sets the maximum dequeue size to limit the number of events that are dequeued within a single operation.
            </summary>
            <remarks>Will default to <see cref="T:CoreEx.Configuration.SettingsBase"/> configuration, a) <see cref="P:CoreEx.Hosting.TimerHostedServiceBase.ServiceName"/> : <see cref="P:CoreEx.Database.SqlServer.Outbox.EventOutboxHostedService.MaxDequeueSizeName"/>, then b) <see cref="P:CoreEx.Database.SqlServer.Outbox.EventOutboxHostedService.MaxDequeueSizeName"/>, where specified; otherwise, 10.</remarks>
        </member>
        <member name="P:CoreEx.Database.SqlServer.Outbox.EventOutboxHostedService.EventOutboxDequeueFactory">
            <summary>
            Get or sets the function to create an instance of <see cref="T:CoreEx.Database.SqlServer.Outbox.EventOutboxDequeueBase"/>.
            </summary>
        </member>
        <member name="M:CoreEx.Database.SqlServer.Outbox.EventOutboxHostedService.SynchronizedExecuteAsync(System.IServiceProvider,System.Threading.CancellationToken)">
            <summary>
            Executes the <see cref="P:CoreEx.Database.SqlServer.Outbox.EventOutboxHostedService.EventOutboxDequeueFactory"/> instance to perform the <see cref="M:CoreEx.Database.SqlServer.Outbox.EventOutboxDequeueBase.DequeueAndSendAsync(System.Int32,System.String,System.String,System.Threading.CancellationToken)"/> until queue is empty.
            </summary>
            <param name="scopedServiceProvider"><inheritdoc/></param>
            <param name="cancellationToken"><inheritdoc/></param>
        </member>
        <member name="T:CoreEx.Database.SqlServer.SqlServerDatabase">
            <summary>
            Provides <see href="https://learn.microsoft.com/en-us/sql/?view=sql-server-ver16">SQL Server</see> database access functionality.
            </summary>
        </member>
        <member name="M:CoreEx.Database.SqlServer.SqlServerDatabase.#ctor(System.Func{Microsoft.Data.SqlClient.SqlConnection},Microsoft.Extensions.Logging.ILogger{CoreEx.Database.SqlServer.SqlServerDatabase},CoreEx.Database.DatabaseInvoker)">
            <summary>
            Initializes a new instance of the <see cref="T:CoreEx.Database.SqlServer.SqlServerDatabase"/> class.
            </summary>
            <param name="create">The function to create the <see cref="T:Microsoft.Data.SqlClient.SqlConnection"/>.</param>
            <param name="logger">The optional <see cref="T:Microsoft.Extensions.Logging.ILogger"/>.</param>
            <param name="invoker">The optional <see cref="T:CoreEx.Database.DatabaseInvoker"/>.</param>
        </member>
        <member name="P:CoreEx.Database.SqlServer.SqlServerDatabase.SessionContextStoredProcedure">
            <summary>
            Gets or sets the stored procedure name used by <see cref="M:CoreEx.Database.SqlServer.SqlServerDatabase.SetSqlSessionContextAsync(System.String,System.Nullable{System.DateTime},System.String,System.String,System.Threading.CancellationToken)"/>.
            </summary>
            <remarks>Defaults to '<c>[dbo].[spSetSessionContext]</c>'.</remarks>
        </member>
        <member name="P:CoreEx.Database.SqlServer.SqlServerDatabase.ThrowTransformedException">
            <summary>
            Indicates whether to transform the <see cref="T:Microsoft.Data.SqlClient.SqlException"/> into an <see cref="T:CoreEx.Abstractions.IExtendedException"/> equivalent based on the <see cref="P:Microsoft.Data.SqlClient.SqlException.Number"/>.
            </summary>
            <remarks>Transforms and throws the <see cref="T:CoreEx.Abstractions.IExtendedException"/> equivalent from the <see cref="T:Microsoft.Data.SqlClient.SqlException"/> known list.</remarks>
        </member>
        <member name="P:CoreEx.Database.SqlServer.SqlServerDatabase.CheckSqlDuplicateErrorNumbers">
            <summary>
            Indicates whether to check the <see cref="P:CoreEx.Database.SqlServer.SqlServerDatabase.SqlDuplicateErrorNumbers"/> when catching the <see cref="T:Microsoft.Data.SqlClient.SqlException"/>.
            </summary>
        </member>
        <member name="P:CoreEx.Database.SqlServer.SqlServerDatabase.SqlDuplicateErrorNumbers">
            <summary>
            Gets or sets the list of known <see cref="P:Microsoft.Data.SqlClient.SqlException.Number"/> values that are considered a duplicate error.
            </summary>
            <remarks>See <see href="https://docs.microsoft.com/en-us/sql/relational-databases/errors-events/database-engine-events-and-errors"/>
            and <see href="https://docs.microsoft.com/en-us/azure/sql-database/sql-database-develop-error-messages"/>.</remarks>
        </member>
        <member name="M:CoreEx.Database.SqlServer.SqlServerDatabase.SetSqlSessionContextAsync(System.String,System.Nullable{System.DateTime},System.String,System.String,System.Threading.CancellationToken)">
            <summary>
            Sets the SQL session context using the specified values by invoking the <see cref="P:CoreEx.Database.SqlServer.SqlServerDatabase.SessionContextStoredProcedure"/> using parameters named <see cref="P:CoreEx.Database.Extended.DatabaseColumns.SessionContextUsernameName"/>, 
            <see cref="P:CoreEx.Database.Extended.DatabaseColumns.SessionContextTimestampName"/>, <see cref="P:CoreEx.Database.Extended.DatabaseColumns.SessionContextTenantIdName"/> and <see cref="P:CoreEx.Database.Extended.DatabaseColumns.SessionContextUserIdName"/>.
            </summary>
            <param name="username">The username.</param>
            <param name="timestamp">The timestamp <see cref="T:System.DateTime"/> (where <c>null</c> the value will default to <see cref="P:System.DateTime.UtcNow"/>).</param>
            <param name="tenantId">The tenant identifer (where <c>null</c> the value will not be used).</param>
            <param name="userId">The unique user identifier (where <c>null</c> the value will not be used).</param>
            <param name="cancellationToken">The <see cref="T:System.Threading.CancellationToken"/>.</param>
            <remarks>See <see href="https://docs.microsoft.com/en-us/sql/relational-databases/system-stored-procedures/sp-set-session-context-transact-sql"/>.</remarks>
        </member>
        <member name="M:CoreEx.Database.SqlServer.SqlServerDatabase.SetSqlSessionContextAsync(CoreEx.ExecutionContext,System.Threading.CancellationToken)">
            <summary>
            Sets the SQL session context using the <see cref="T:CoreEx.ExecutionContext"/>.
            </summary>
            <param name="executionContext">The <see cref="T:CoreEx.ExecutionContext"/>. Defaults to <see cref="P:CoreEx.ExecutionContext.Current"/>.</param>
            <param name="cancellationToken">The <see cref="T:System.Threading.CancellationToken"/>.</param>
            <remarks>See <see cref="M:CoreEx.Database.SqlServer.SqlServerDatabase.SetSqlSessionContextAsync(System.String,System.Nullable{System.DateTime},System.String,System.String,System.Threading.CancellationToken)"/> for more information.</remarks>
        </member>
        <member name="M:CoreEx.Database.SqlServer.SqlServerDatabase.OnDbException(System.Data.Common.DbException)">
            <inheritdoc/>
        </member>
        <member name="T:CoreEx.Database.SqlServer.SqlServerExtensions">
            <summary>
            Provides <see href="https://docs.microsoft.com/en-us/sql/connect/ado-net/microsoft-ado-net-sql-server">SQL Server</see> extension methods.
            </summary>
        </member>
        <member name="M:CoreEx.Database.SqlServer.SqlServerExtensions.AddParameter(CoreEx.Database.DatabaseParameterCollection,System.String,System.Object,System.Nullable{System.Data.SqlDbType},System.Data.ParameterDirection)">
            <summary>
            Adds the named parameter and value, using the specified <see cref="T:System.Data.DbType"/> and <see cref="T:System.Data.ParameterDirection"/>, to the <see cref="P:System.Data.Common.DbCommand.Parameters"/>.
            </summary>
            <param name="dpc">The <see cref="T:CoreEx.Database.DatabaseParameterCollection"/>.</param>
            <param name="name">The parameter name.</param>
            <param name="value">The parameter value.</param>
            <param name="sqlDbType">The parameter <see cref="T:System.Data.SqlDbType"/>.</param>
            <param name="direction">The <see cref="T:System.Data.ParameterDirection"/> (default to <see cref="F:System.Data.ParameterDirection.Input"/>).</param>
            <returns>A <see cref="T:System.Data.Common.DbParameter"/>.</returns>
        </member>
        <member name="M:CoreEx.Database.SqlServer.SqlServerExtensions.AddTableValuedParameter(CoreEx.Database.DatabaseParameterCollection,System.String,CoreEx.Database.SqlServer.TableValuedParameter)">
            <summary>
            Adds the named <see cref="T:CoreEx.Database.SqlServer.TableValuedParameter"/> value to the <see cref="P:System.Data.Common.DbCommand.Parameters"/>.
            </summary>
            <param name="dpc">The <see cref="T:CoreEx.Database.DatabaseParameterCollection"/>.</param>
            <param name="name">The parameter name.</param>
            <param name="tvp">The <see cref="T:CoreEx.Database.SqlServer.TableValuedParameter"/> value.</param>
            <returns>A <see cref="T:System.Data.Common.DbParameter"/>.</returns>
            <remarks>This specifically implies that the <see cref="T:Microsoft.Data.SqlClient.SqlParameter"/> is being used; if not then an exception will be thrown.</remarks>
        </member>
        <member name="M:CoreEx.Database.SqlServer.SqlServerExtensions.ParamWhen``2(CoreEx.Database.IDatabaseParameters{``0},System.Nullable{System.Boolean},System.String,System.Func{``1},System.Data.SqlDbType,System.Data.ParameterDirection)">
            <summary>
            Adds a named parameter and value <paramref name="when"/> <c>true</c>.
            </summary>
            <typeparam name="TSelf">The owning <see cref="T:System.Type"/>.</typeparam>
            <typeparam name="T">The parameter <see cref="T:System.Type"/>.</typeparam>
            <param name="parameters">The <see cref="T:CoreEx.Database.IDatabaseParameters`1"/>.</param>
            <param name="when">Adds the parameter when <c>true</c>.</param>
            <param name="name">The parameter name.</param>
            <param name="value">The parameter value.</param>
            <param name="sqlDbType">The parameter <see cref="T:System.Data.SqlDbType"/>.</param>
            <param name="direction">The <see cref="T:System.Data.ParameterDirection"/> (default to <see cref="F:System.Data.ParameterDirection.Input"/>).</param>
            <returns>The <see cref="T:CoreEx.Database.DatabaseParameterCollection"/> to support fluent-style method-chaining.</returns>
        </member>
        <member name="M:CoreEx.Database.SqlServer.SqlServerExtensions.ParamWhen``2(CoreEx.Database.IDatabaseParameters{``0},System.Nullable{System.Boolean},CoreEx.Database.Mapping.IPropertyColumnMapper,System.Func{``1},System.Data.SqlDbType,System.Data.ParameterDirection)">
            <summary>
            Adds a named parameter and value <paramref name="when"/> <c>true</c>.
            </summary>
            <typeparam name="TSelf">The owning <see cref="T:System.Type"/>.</typeparam>
            <typeparam name="T">The parameter <see cref="T:System.Type"/>.</typeparam>
            <param name="parameters">The <see cref="T:CoreEx.Database.IDatabaseParameters`1"/>.</param>
            <param name="when">Adds the parameter when <c>true</c>.</param>
            <param name="mapper">The <see cref="T:CoreEx.Database.Mapping.IPropertyColumnMapper"/>.</param>
            <param name="value">The parameter value.</param>
            <param name="sqlDbType">The parameter <see cref="T:System.Data.SqlDbType"/>.</param>
            <param name="direction">The <see cref="T:System.Data.ParameterDirection"/> (default to <see cref="F:System.Data.ParameterDirection.Input"/>).</param>
            <returns>The <see cref="T:CoreEx.Database.DatabaseParameterCollection"/> to support fluent-style method-chaining.</returns>
        </member>
        <member name="M:CoreEx.Database.SqlServer.SqlServerExtensions.ParamWith``2(CoreEx.Database.IDatabaseParameters{``0},System.Object,System.String,System.Func{``1},System.Data.SqlDbType,System.Data.ParameterDirection)">
            <summary>
            Adds a named parameter when invoked <paramref name="with"/> a non-default value.
            </summary>
            <typeparam name="TSelf">The owning <see cref="T:System.Type"/>.</typeparam>
            <typeparam name="T">The parameter <see cref="T:System.Type"/>.</typeparam>
            <param name="parameters">The <see cref="T:CoreEx.Database.IDatabaseParameters`1"/>.</param>
            <param name="with">The value <b>with</b> which to verify is non-default.</param>
            <param name="name">The parameter name.</param>
            <param name="value">The parameter value.</param>
            <param name="sqlDbType">The parameter <see cref="T:System.Data.SqlDbType"/>.</param>
            <param name="direction">The <see cref="T:System.Data.ParameterDirection"/> (default to <see cref="F:System.Data.ParameterDirection.Input"/>).</param>
            <returns>The current <see cref="T:CoreEx.Database.DatabaseParameterCollection"/> instance to support chaining (fluent interface).</returns>
        </member>
        <member name="M:CoreEx.Database.SqlServer.SqlServerExtensions.ParamWith``2(CoreEx.Database.IDatabaseParameters{``0},``1,System.String,System.Func{``1},System.Data.SqlDbType,System.Data.ParameterDirection)">
            <summary>
            Adds a named parameter when invoked <paramref name="with"/> a non-default value.
            </summary>
            <typeparam name="TSelf">The owning <see cref="T:System.Type"/>.</typeparam>
            <typeparam name="T">The parameter <see cref="T:System.Type"/>.</typeparam>
            <param name="parameters">The <see cref="T:CoreEx.Database.IDatabaseParameters`1"/>.</param>
            <param name="with">The value <b>with</b> which to verify is non-default.</param>
            <param name="name">The parameter name.</param>
            <param name="value">The parameter value; where not specified the <paramref name="with"/> vaue will be used.</param>
            <param name="sqlDbType">The parameter <see cref="T:System.Data.SqlDbType"/>.</param>
            <param name="direction">The <see cref="T:System.Data.ParameterDirection"/> (default to <see cref="F:System.Data.ParameterDirection.Input"/>).</param>
            <returns>The current <see cref="T:CoreEx.Database.DatabaseParameterCollection"/> instance to support chaining (fluent interface).</returns>
        </member>
        <member name="M:CoreEx.Database.SqlServer.SqlServerExtensions.ParamWith``2(CoreEx.Database.IDatabaseParameters{``0},System.Object,CoreEx.Database.Mapping.IPropertyColumnMapper,System.Func{``1},System.Data.SqlDbType,System.Data.ParameterDirection)">
            <summary>
            Adds a named parameter when invoked <paramref name="with"/> a non-default value.
            </summary>
            <typeparam name="TSelf">The owning <see cref="T:System.Type"/>.</typeparam>
            <typeparam name="T">The parameter <see cref="T:System.Type"/>.</typeparam>
            <param name="parameters">The <see cref="T:CoreEx.Database.IDatabaseParameters`1"/>.</param>
            <param name="with">The value <b>with</b> which to verify is non-default.</param>
            <param name="mapper">The <see cref="T:CoreEx.Database.Mapping.IPropertyColumnMapper"/>.</param>
            <param name="value">The parameter value.</param>
            <param name="sqlDbType">The parameter <see cref="T:System.Data.SqlDbType"/>.</param>
            <param name="direction">The <see cref="T:System.Data.ParameterDirection"/> (default to <see cref="F:System.Data.ParameterDirection.Input"/>).</param>
            <returns>The current <see cref="T:CoreEx.Database.DatabaseParameterCollection"/> instance to support chaining (fluent interface).</returns>
        </member>
        <member name="M:CoreEx.Database.SqlServer.SqlServerExtensions.ParamWith``2(CoreEx.Database.IDatabaseParameters{``0},``1,CoreEx.Database.Mapping.IPropertyColumnMapper,System.Func{``1},System.Data.SqlDbType,System.Data.ParameterDirection)">
            <summary>
            Adds a named parameter when invoked <paramref name="with"/> a non-default value.
            </summary>
            <typeparam name="TSelf">The owning <see cref="T:System.Type"/>.</typeparam>
            <typeparam name="T">The parameter <see cref="T:System.Type"/>.</typeparam>
            <param name="parameters">The <see cref="T:CoreEx.Database.IDatabaseParameters`1"/>.</param>
            <param name="with">The value <b>with</b> which to verify is non-default.</param>
            <param name="mapper">The <see cref="T:CoreEx.Database.Mapping.IPropertyColumnMapper"/>.</param>
            <param name="value">The parameter value; where not specified the <paramref name="with"/> vaue will be used.</param>
            <param name="sqlDbType">The parameter <see cref="T:System.Data.SqlDbType"/>.</param>
            <param name="direction">The <see cref="T:System.Data.ParameterDirection"/> (default to <see cref="F:System.Data.ParameterDirection.Input"/>).</param>
            <returns>The current <see cref="T:CoreEx.Database.DatabaseParameterCollection"/> instance to support chaining (fluent interface).</returns>
        </member>
        <member name="M:CoreEx.Database.SqlServer.SqlServerExtensions.TableValuedParam``1(CoreEx.Database.IDatabaseParameters{``0},System.String,CoreEx.Database.SqlServer.TableValuedParameter)">
            <summary>
            Adds the named <see cref="T:CoreEx.Database.SqlServer.TableValuedParameter"/> value to the <see cref="P:System.Data.Common.DbCommand.Parameters"/>.
            </summary>
            <typeparam name="TSelf">The owning <see cref="T:System.Type"/>.</typeparam>
            <param name="parameters">The <see cref="T:CoreEx.Database.IDatabaseParameters`1"/>.</param>
            <param name="name">The parameter name.</param>
            <param name="tvp">The <see cref="T:CoreEx.Database.SqlServer.TableValuedParameter"/> value.</param>
            <returns>The <see cref="T:CoreEx.Database.DatabaseParameterCollection"/> to support fluent-style method-chaining.</returns>
            <remarks>This specifically implies that the <see cref="T:Microsoft.Data.SqlClient.SqlParameter"/> is being used; if not then an exception will be thrown.</remarks>
        </member>
        <member name="M:CoreEx.Database.SqlServer.SqlServerExtensions.TableValuedParamWhen``1(CoreEx.Database.IDatabaseParameters{``0},System.Nullable{System.Boolean},System.String,System.Func{CoreEx.Database.SqlServer.TableValuedParameter})">
            <summary>
            Adds the named <see cref="T:CoreEx.Database.SqlServer.TableValuedParameter"/> value to the <see cref="P:System.Data.Common.DbCommand.Parameters"/> <paramref name="when"/> <c>true</c>.
            </summary>
            <typeparam name="TSelf">The owning <see cref="T:System.Type"/>.</typeparam>
            <param name="parameters">The <see cref="T:CoreEx.Database.IDatabaseParameters`1"/>.</param>
            <param name="when">Adds the parameter when <c>true</c>.</param>
            <param name="name">The parameter name.</param>
            <param name="tvp">The <see cref="T:CoreEx.Database.SqlServer.TableValuedParameter"/> value.</param>
            <returns>The <see cref="T:CoreEx.Database.DatabaseParameterCollection"/> to support fluent-style method-chaining.</returns>
            <remarks>This specifically implies that the <see cref="T:Microsoft.Data.SqlClient.SqlParameter"/> is being used; if not then an exception will be thrown.</remarks>
        </member>
        <member name="M:CoreEx.Database.SqlServer.SqlServerExtensions.TableValuedParamWith``1(CoreEx.Database.IDatabaseParameters{``0},System.Object,System.String,System.Func{CoreEx.Database.SqlServer.TableValuedParameter})">
            <summary>
            Adds the named <see cref="T:CoreEx.Database.SqlServer.TableValuedParameter"/> value to the <see cref="P:System.Data.Common.DbCommand.Parameters"/> <paramref name="with"/> a non-default value.
            </summary>
            <typeparam name="TSelf">The owning <see cref="T:System.Type"/>.</typeparam>
            <param name="parameters">The <see cref="T:CoreEx.Database.IDatabaseParameters`1"/>.</param>
            <param name="with">The value <b>with</b> which to verify is non-default.</param>
            <param name="name">The parameter name.</param>
            <param name="tvp">The <see cref="T:CoreEx.Database.SqlServer.TableValuedParameter"/> value.</param>
            <returns>The <see cref="T:CoreEx.Database.DatabaseParameterCollection"/> to support fluent-style method-chaining.</returns>
            <remarks>This specifically implies that the <see cref="T:Microsoft.Data.SqlClient.SqlParameter"/> is being used; if not then an exception will be thrown.</remarks>
        </member>
        <member name="M:CoreEx.Database.SqlServer.SqlServerExtensions.TableValuedParam``1(CoreEx.Database.IDatabaseParameters{``0},CoreEx.Database.Mapping.IPropertyColumnMapper,CoreEx.Database.SqlServer.TableValuedParameter)">
            <summary>
            Adds the named <see cref="T:CoreEx.Database.SqlServer.TableValuedParameter"/> value to the <see cref="P:System.Data.Common.DbCommand.Parameters"/>.
            </summary>
            <typeparam name="TSelf">The owning <see cref="T:System.Type"/>.</typeparam>
            <param name="parameters">The <see cref="T:CoreEx.Database.IDatabaseParameters`1"/>.</param>
            <param name="mapper">The <see cref="T:CoreEx.Database.Mapping.IPropertyColumnMapper"/>.</param>
            <param name="tvp">The <see cref="T:CoreEx.Database.SqlServer.TableValuedParameter"/> value.</param>
            <returns>The <see cref="T:CoreEx.Database.DatabaseParameterCollection"/> to support fluent-style method-chaining.</returns>
            <remarks>This specifically implies that the <see cref="T:Microsoft.Data.SqlClient.SqlParameter"/> is being used; if not then an exception will be thrown.</remarks>
        </member>
        <member name="M:CoreEx.Database.SqlServer.SqlServerExtensions.TableValuedParamWhen``1(CoreEx.Database.IDatabaseParameters{``0},System.Nullable{System.Boolean},CoreEx.Database.Mapping.IPropertyColumnMapper,System.Func{CoreEx.Database.SqlServer.TableValuedParameter})">
            <summary>
            Adds the named <see cref="T:CoreEx.Database.SqlServer.TableValuedParameter"/> value to the <see cref="P:System.Data.Common.DbCommand.Parameters"/> <paramref name="when"/> <c>true</c>.
            </summary>
            <typeparam name="TSelf">The owning <see cref="T:System.Type"/>.</typeparam>
            <param name="parameters">The <see cref="T:CoreEx.Database.IDatabaseParameters`1"/>.</param>
            <param name="when">Adds the parameter when <c>true</c>.</param>
            <param name="mapper">The <see cref="T:CoreEx.Database.Mapping.IPropertyColumnMapper"/>.</param>
            <param name="tvp">The <see cref="T:CoreEx.Database.SqlServer.TableValuedParameter"/> value.</param>
            <returns>The <see cref="T:CoreEx.Database.DatabaseParameterCollection"/> to support fluent-style method-chaining.</returns>
            <remarks>This specifically implies that the <see cref="T:Microsoft.Data.SqlClient.SqlParameter"/> is being used; if not then an exception will be thrown.</remarks>
        </member>
        <member name="M:CoreEx.Database.SqlServer.SqlServerExtensions.TableValuedParamWith``1(CoreEx.Database.IDatabaseParameters{``0},System.Object,CoreEx.Database.Mapping.IPropertyColumnMapper,System.Func{CoreEx.Database.SqlServer.TableValuedParameter})">
            <summary>
            Adds the named <see cref="T:CoreEx.Database.SqlServer.TableValuedParameter"/> value to the <see cref="P:System.Data.Common.DbCommand.Parameters"/> <paramref name="with"/> a non-default value.
            </summary>
            <typeparam name="TSelf">The owning <see cref="T:System.Type"/>.</typeparam>
            <param name="parameters">The <see cref="T:CoreEx.Database.IDatabaseParameters`1"/>.</param>
            <param name="with">The value <b>with</b> which to verify is non-default.</param>
            <param name="mapper">The <see cref="T:CoreEx.Database.Mapping.IPropertyColumnMapper"/>.</param>
            <param name="tvp">The <see cref="T:CoreEx.Database.SqlServer.TableValuedParameter"/> value.</param>
            <returns>The <see cref="T:CoreEx.Database.DatabaseParameterCollection"/> to support fluent-style method-chaining.</returns>
            <remarks>This specifically implies that the <see cref="T:Microsoft.Data.SqlClient.SqlParameter"/> is being used; if not then an exception will be thrown.</remarks>
        </member>
        <member name="M:CoreEx.Database.SqlServer.SqlServerExtensions.CreateTableValuedParameter(CoreEx.Database.IDatabase,System.Collections.Generic.IEnumerable{System.String})">
            <summary>
            Creates a <see cref="P:CoreEx.Database.Extended.DatabaseColumns.TvpStringListTypeName"/> <see cref="T:CoreEx.Database.SqlServer.TableValuedParameter"/> for the <see cref="T:System.String"/> <paramref name="list"/>.
            </summary>
            <param name="database">The<see cref="T:CoreEx.Database.IDatabase"/>.</param>
            <param name="list">The list.</param>
            <returns>The <see cref="T:CoreEx.Database.SqlServer.TableValuedParameter"/>.</returns>
        </member>
        <member name="M:CoreEx.Database.SqlServer.SqlServerExtensions.CreateTableValuedParameter(CoreEx.Database.IDatabase,System.String,System.Collections.Generic.IEnumerable{System.String})">
            <summary>
            Creates a <see cref="T:CoreEx.Database.SqlServer.TableValuedParameter"/> for the <see cref="T:System.String"/> <paramref name="list"/>.
            </summary>
            <param name="database">The<see cref="T:CoreEx.Database.IDatabase"/>.</param>
            <param name="typeName">The SQL type name of the table-valued parameter.</param>
            <param name="list">The list.</param>
            <returns>The <see cref="T:CoreEx.Database.SqlServer.TableValuedParameter"/>.</returns>
        </member>
        <member name="M:CoreEx.Database.SqlServer.SqlServerExtensions.CreateTableValuedParameter(CoreEx.Database.IDatabase,System.Collections.Generic.IEnumerable{System.Int32})">
            <summary>
            Creates a <see cref="P:CoreEx.Database.Extended.DatabaseColumns.TvpInt32ListTypeName"/> <see cref="T:CoreEx.Database.SqlServer.TableValuedParameter"/> for the <see cref="T:System.Int32"/> <paramref name="list"/>.
            </summary>
            <param name="database">The<see cref="T:CoreEx.Database.IDatabase"/>.</param>
            <param name="list">The list.</param>
            <returns>The <see cref="T:CoreEx.Database.SqlServer.TableValuedParameter"/>.</returns>
        </member>
        <member name="M:CoreEx.Database.SqlServer.SqlServerExtensions.CreateTableValuedParameter(CoreEx.Database.IDatabase,System.String,System.Collections.Generic.IEnumerable{System.Int32})">
            <summary>
            Creates a <see cref="T:CoreEx.Database.SqlServer.TableValuedParameter"/> for the <see cref="T:System.Int32"/> <paramref name="list"/>.
            </summary>
            <param name="database">The<see cref="T:CoreEx.Database.IDatabase"/>.</param>
            <param name="typeName">The SQL type name of the table-valued parameter.</param>
            <param name="list">The list.</param>
            <returns>The <see cref="T:CoreEx.Database.SqlServer.TableValuedParameter"/>.</returns>
        </member>
        <member name="M:CoreEx.Database.SqlServer.SqlServerExtensions.CreateTableValuedParameter(CoreEx.Database.IDatabase,System.Collections.Generic.IEnumerable{System.Int64})">
            <summary>
            Creates a <see cref="P:CoreEx.Database.Extended.DatabaseColumns.TvpInt64ListTypeName"/> <see cref="T:CoreEx.Database.SqlServer.TableValuedParameter"/> for the <see cref="T:System.Int64"/> <paramref name="list"/>.
            </summary>
            <param name="database">The<see cref="T:CoreEx.Database.IDatabase"/>.</param>
            <param name="list">The list.</param>
            <returns>The <see cref="T:CoreEx.Database.SqlServer.TableValuedParameter"/>.</returns>
        </member>
        <member name="M:CoreEx.Database.SqlServer.SqlServerExtensions.CreateTableValuedParameter(CoreEx.Database.IDatabase,System.String,System.Collections.Generic.IEnumerable{System.Int64})">
            <summary>
            Creates a <see cref="T:CoreEx.Database.SqlServer.TableValuedParameter"/> for the <see cref="T:System.Int64"/> <paramref name="list"/>.
            </summary>
            <param name="database">The<see cref="T:CoreEx.Database.IDatabase"/>.</param>
            <param name="typeName">The SQL type name of the table-valued parameter.</param>
            <param name="list">The list.</param>
            <returns>The <see cref="T:CoreEx.Database.SqlServer.TableValuedParameter"/>.</returns>
        </member>
        <member name="M:CoreEx.Database.SqlServer.SqlServerExtensions.CreateTableValuedParameter(CoreEx.Database.IDatabase,System.Collections.Generic.IEnumerable{System.Guid})">
            <summary>
            Creates a <see cref="P:CoreEx.Database.Extended.DatabaseColumns.TvpGuidListTypeName"/> <see cref="T:CoreEx.Database.SqlServer.TableValuedParameter"/> for the <see cref="T:System.Guid"/> <paramref name="list"/>.
            </summary>
            <param name="database">The<see cref="T:CoreEx.Database.IDatabase"/>.</param>
            <param name="list">The list.</param>
            <returns>The <see cref="T:CoreEx.Database.SqlServer.TableValuedParameter"/>.</returns>
        </member>
        <member name="M:CoreEx.Database.SqlServer.SqlServerExtensions.CreateTableValuedParameter(CoreEx.Database.IDatabase,System.String,System.Collections.Generic.IEnumerable{System.Guid})">
            <summary>
            Creates a <see cref="T:CoreEx.Database.SqlServer.TableValuedParameter"/> for the <see cref="T:System.Guid"/> <paramref name="list"/>.
            </summary>
            <param name="database">The<see cref="T:CoreEx.Database.IDatabase"/>.</param>
            <param name="typeName">The SQL type name of the table-valued parameter.</param>
            <param name="list">The list.</param>
            <returns>The <see cref="T:CoreEx.Database.SqlServer.TableValuedParameter"/>.</returns>
        </member>
        <member name="M:CoreEx.Database.SqlServer.SqlServerExtensions.CreateTableValuedParameter(CoreEx.Database.IDatabase,System.Collections.Generic.IEnumerable{System.DateTime})">
            <summary>
            Creates a <see cref="P:CoreEx.Database.Extended.DatabaseColumns.TvpDateTimeListTypeName"/> <see cref="T:CoreEx.Database.SqlServer.TableValuedParameter"/> for the <see cref="T:System.DateTime"/> <paramref name="list"/>.
            </summary>
            <param name="database">The<see cref="T:CoreEx.Database.IDatabase"/>.</param>
            <param name="list">The list.</param>
            <returns>The <see cref="T:CoreEx.Database.SqlServer.TableValuedParameter"/>.</returns>
        </member>
        <member name="M:CoreEx.Database.SqlServer.SqlServerExtensions.CreateTableValuedParameter(CoreEx.Database.IDatabase,System.String,System.Collections.Generic.IEnumerable{System.DateTime})">
            <summary>
            Creates a <see cref="T:CoreEx.Database.SqlServer.TableValuedParameter"/> for the <see cref="T:System.DateTime"/> <paramref name="list"/>.
            </summary>
            <param name="database">The<see cref="T:CoreEx.Database.IDatabase"/>.</param>
            <param name="typeName">The SQL type name of the table-valued parameter.</param>
            <param name="list">The list.</param>
            <returns>The <see cref="T:CoreEx.Database.SqlServer.TableValuedParameter"/>.</returns>
        </member>
        <member name="T:CoreEx.Database.SqlServer.TableValuedParameter">
            <summary>
            Represents a SQL-Server table-valued parameter (see <see href="https://docs.microsoft.com/en-us/dotnet/framework/data/adonet/sql/table-valued-parameters"/>).
            </summary>
        </member>
        <member name="M:CoreEx.Database.SqlServer.TableValuedParameter.#ctor(System.String,System.Data.DataTable)">
            <summary>
            Initializes a new instance of the <see cref="T:CoreEx.Database.SqlServer.TableValuedParameter"/> class.
            </summary>
            <param name="typeName">The SQL type name of the table-valued parameter.</param>
            <param name="value">The <see cref="T:System.Data.DataTable"/> value.</param>
        </member>
        <member name="P:CoreEx.Database.SqlServer.TableValuedParameter.TypeName">
            <summary>
            Gets or sets the SQL type name of the table-valued parameter.
            </summary>
        </member>
        <member name="P:CoreEx.Database.SqlServer.TableValuedParameter.Value">
            <summary>
            Gets or sets the <see cref="T:System.Data.DataTable"/> value.
            </summary>
        </member>
        <member name="M:CoreEx.Database.SqlServer.TableValuedParameter.AddRow(System.Object[])">
            <summary>
            Adds a new <see cref="T:System.Data.DataRow"/> to the <see cref="P:CoreEx.Database.SqlServer.TableValuedParameter.Value"/> using the specified <paramref name="columnValues"/>.
            </summary>
            <param name="columnValues">The column values.</param>
        </member>
        <member name="M:CoreEx.Database.SqlServer.TableValuedParameter.AddRows``1(CoreEx.Database.IDatabase,CoreEx.Database.IDatabaseMapper{``0},System.Collections.Generic.IEnumerable{``0})">
            <summary>
            Adds a <see cref="T:System.Data.DataRow"/> per each of the <paramref name="items"/> using the <paramref name="mapper"/> to get each of the column values. 
            </summary>
            <typeparam name="T">The item <see cref="T:System.Type"/>.</typeparam>
            <param name="database">The <see cref="T:CoreEx.Database.IDatabase"/>.</param>
            <param name="mapper">The corresponding <see cref="T:CoreEx.Database.IDatabaseMapper`1"/>.</param>
            <param name="items">Zero or more items to add.</param>
        </member>
    </members>
</doc>
