<?xml version="1.0"?>
<doc>
    <assembly>
        <name>CoreEx.EntityFrameworkCore</name>
    </assembly>
    <members>
        <member name="T:CoreEx.EntityFrameworkCore.EfDb`1">
            <summary>
            Provides the extended <b>Entity Framework</b> <see cref="T:CoreEx.EntityFrameworkCore.IEfDbContext"/> functionality.
            </summary>
            <typeparam name="TDbContext">The <see cref="P:CoreEx.EntityFrameworkCore.EfDb`1.DbContext"/> <see cref="T:System.Type"/>.</typeparam>
            <remarks>Provides extended functionality to simply basic CRUD activities whilst also providing encapsuled <see cref="T:CoreEx.Mapping.IMapper">mapping</see> between an entity and the underlying model to minimise tight-coupling to the 
            underlying data source (and minimise the <see href="https://en.wikipedia.org/wiki/Object%E2%80%93relational_impedance_mismatch">object-relational impedence mismatch</see>.
            <para>Additionally, extended functionality is performed where the entity implements any of the following:
              <list type="bullet">
                <item><see cref="T:CoreEx.Entities.IEntityKey"/> - Will use the <see cref="P:CoreEx.Entities.IEntityKey.EntityKey"/> as the underlying entity key.</item>
                <item><see cref="T:CoreEx.Entities.IChangeLog"/> - Will automatically update the corresponding properties depending on where performing a <see cref="M:CoreEx.EntityFrameworkCore.EfDb`1.CreateAsync``2(CoreEx.EntityFrameworkCore.EfDbArgs,``0,System.Threading.CancellationToken)">Create</see> or an <see cref="M:CoreEx.EntityFrameworkCore.EfDb`1.UpdateAsync``2(CoreEx.EntityFrameworkCore.EfDbArgs,``0,System.Threading.CancellationToken)">Update</see>.</item>
                <item><see cref="T:CoreEx.Entities.ITenantId"/>Will automatically update the <see cref="P:CoreEx.Entities.ITenantId.TenantId"/> from the <see cref="P:CoreEx.ExecutionContext.TenantId"/> to ensure not overridden.</item>
                </list>
            </para>
            <para>Additionally, extended functionality is performed where the EF model implements any of the following:
              <list type="bullet">
                <item><see cref="T:CoreEx.Entities.ILogicallyDeleted"/> - <see cref="M:CoreEx.EntityFrameworkCore.EfDb`1.GetAsync``2(CoreEx.EntityFrameworkCore.EfDbArgs,CoreEx.Entities.CompositeKey,System.Threading.CancellationToken)">Get</see> and <see cref="M:CoreEx.EntityFrameworkCore.EfDb`1.UpdateAsync``2(CoreEx.EntityFrameworkCore.EfDbArgs,``0,System.Threading.CancellationToken)">Update</see> will automatically 
                filter out previously deleted items. On a <see cref="M:CoreEx.EntityFrameworkCore.EfDb`1.DeleteAsync``2(CoreEx.EntityFrameworkCore.EfDbArgs,CoreEx.Entities.CompositeKey,System.Threading.CancellationToken)">Delete</see> the <see cref="P:CoreEx.Entities.ILogicallyDeleted.IsDeleted"/> property will be automatically set and updated, 
                versus, performing a physical delete. A <see cref="M:CoreEx.EntityFrameworkCore.EfDb`1.Query``2(CoreEx.EntityFrameworkCore.EfDbArgs,System.Func{System.Linq.IQueryable{``1},System.Linq.IQueryable{``1}})">Query</see> will need to be handled explicitly by the developer; recommend using EF native filtering to
                achieve; for example: <c>entity.HasQueryFilter(v => v.IsDeleted != true);</c>.</item>
              </list>
            </para>
            </remarks>
        </member>
        <member name="M:CoreEx.EntityFrameworkCore.EfDb`1.#ctor(`0,CoreEx.Mapping.IMapper,CoreEx.EntityFrameworkCore.EfDbInvoker)">
            <summary>
            Initializes a new instance of the <see cref="T:CoreEx.EntityFrameworkCore.EfDb`1"/> class.
            </summary>
            <param name="dbContext">The <see cref="P:CoreEx.EntityFrameworkCore.EfDb`1.DbContext"/>.</param>
            <param name="mapper">The <see cref="T:CoreEx.Mapping.IMapper"/>.</param>
            <param name="invoker">Enables the <see cref="P:CoreEx.EntityFrameworkCore.EfDb`1.Invoker"/> to be overridden; defaults to <see cref="T:CoreEx.EntityFrameworkCore.EfDbInvoker"/>.</param>
        </member>
        <member name="P:CoreEx.EntityFrameworkCore.EfDb`1.DbContext">
            <inheritdoc/>
        </member>
        <member name="P:CoreEx.EntityFrameworkCore.EfDb`1.Invoker">
            <inheritdoc/>
        </member>
        <member name="P:CoreEx.EntityFrameworkCore.EfDb`1.Database">
            <inheritdoc/>
        </member>
        <member name="P:CoreEx.EntityFrameworkCore.EfDb`1.Mapper">
            <inheritdoc/>
        </member>
        <member name="P:CoreEx.EntityFrameworkCore.EfDb`1.DbArgs">
            <inheritdoc/>
        </member>
        <member name="M:CoreEx.EntityFrameworkCore.EfDb`1.Query``2(CoreEx.EntityFrameworkCore.EfDbArgs,System.Func{System.Linq.IQueryable{``1},System.Linq.IQueryable{``1}})">
            <inheritdoc/>
        </member>
        <member name="M:CoreEx.EntityFrameworkCore.EfDb`1.GetAsync``2(CoreEx.EntityFrameworkCore.EfDbArgs,CoreEx.Entities.CompositeKey,System.Threading.CancellationToken)">
            <inheritdoc/>
        </member>
        <member name="M:CoreEx.EntityFrameworkCore.EfDb`1.CreateAsync``2(CoreEx.EntityFrameworkCore.EfDbArgs,``0,System.Threading.CancellationToken)">
            <inheritdoc/>
        </member>
        <member name="M:CoreEx.EntityFrameworkCore.EfDb`1.UpdateAsync``2(CoreEx.EntityFrameworkCore.EfDbArgs,``0,System.Threading.CancellationToken)">
            <inheritdoc/>
        </member>
        <member name="M:CoreEx.EntityFrameworkCore.EfDb`1.DeleteAsync``2(CoreEx.EntityFrameworkCore.EfDbArgs,CoreEx.Entities.CompositeKey,System.Threading.CancellationToken)">
            <inheritdoc/>
        </member>
        <member name="M:CoreEx.EntityFrameworkCore.EfDb`1.GetEfKeys``1(``0)">
            <summary>
            Gets the <b>Entity Framework</b> keys from the value.
            </summary>
            <param name="value">The entity value.</param>
            <returns>The key values.</returns>
        </member>
        <member name="M:CoreEx.EntityFrameworkCore.EfDb`1.CheckSaveArgs(CoreEx.EntityFrameworkCore.EfDbArgs)">
            <summary>
            Check the consistency of the save arguments.
            </summary>
        </member>
        <member name="M:CoreEx.EntityFrameworkCore.EfDb`1.WithWildcard(System.String,System.Action{System.String})">
            <inheritdoc/>
        </member>
        <member name="M:CoreEx.EntityFrameworkCore.EfDb`1.With``1(``0,System.Action)">
            <inheritdoc/>
        </member>
        <member name="T:CoreEx.EntityFrameworkCore.EfDbArgs">
            <summary>
            Provides the extended <b>Entity Framework</b> arguments.
            </summary>
        </member>
        <member name="M:CoreEx.EntityFrameworkCore.EfDbArgs.#ctor">
            <summary>
            Initializes a new instance of the <see cref="T:CoreEx.EntityFrameworkCore.EfDbArgs"/> struct.
            </summary>
        </member>
        <member name="M:CoreEx.EntityFrameworkCore.EfDbArgs.#ctor(CoreEx.EntityFrameworkCore.EfDbArgs)">
            <summary>
            Initializes a new instance of the <see cref="T:CoreEx.EntityFrameworkCore.EfDbArgs"/> struct.
            </summary>
            <param name="template">The template <see cref="T:CoreEx.EntityFrameworkCore.EfDbArgs"/> to copy from.</param>
        </member>
        <member name="P:CoreEx.EntityFrameworkCore.EfDbArgs.SaveChanges">
            <summary>
            Indicates that the underlying <see cref="T:Microsoft.EntityFrameworkCore.DbContext"/> <see cref="M:Microsoft.EntityFrameworkCore.DbContext.SaveChanges"/> is to be performed automatically (defauls to <c>true</c>);
            </summary>
        </member>
        <member name="P:CoreEx.EntityFrameworkCore.EfDbArgs.Refresh">
            <summary>
            Indicates whether the data should be refreshed (reselected where applicable) after a <b>save</b> operation (defaults to <c>true</c>); is dependent on <see cref="P:CoreEx.EntityFrameworkCore.EfDbArgs.SaveChanges"/> being performed.
            </summary>
        </member>
        <member name="T:CoreEx.EntityFrameworkCore.EfDbEntity`2">
            <summary>
            Provides a lightweight typed <b>Entity Framework</b> wrapper over the <see cref="T:CoreEx.EntityFrameworkCore.IEfDb"/> operations.
            </summary>
            <typeparam name="T">The resultant <see cref="T:System.Type"/>.</typeparam>
            <typeparam name="TModel">The entity framework model <see cref="T:System.Type"/>.</typeparam>
        </member>
        <member name="M:CoreEx.EntityFrameworkCore.EfDbEntity`2.#ctor(CoreEx.EntityFrameworkCore.IEfDb)">
            <summary>
            Initializes a new instance of the <see cref="T:CoreEx.EntityFrameworkCore.EfDbEntity`2"/> class.
            </summary>
            <param name="efDb">The <see cref="T:CoreEx.EntityFrameworkCore.IEfDb"/>.</param>
        </member>
        <member name="P:CoreEx.EntityFrameworkCore.EfDbEntity`2.EfDb">
            <inheritdoc/>
        </member>
        <member name="M:CoreEx.EntityFrameworkCore.EfDbEntity`2.Query(System.Func{System.Linq.IQueryable{`1},System.Linq.IQueryable{`1}})">
            <summary>
            Creates an <see cref="T:CoreEx.EntityFrameworkCore.EfDbQuery`2"/> to enable select-like capabilities.
            </summary>
            <param name="query">The function to further define the query.</param>
            <returns>A <see cref="T:CoreEx.EntityFrameworkCore.EfDbQuery`2"/>.</returns>
        </member>
        <member name="M:CoreEx.EntityFrameworkCore.EfDbEntity`2.Query(CoreEx.EntityFrameworkCore.EfDbArgs,System.Func{System.Linq.IQueryable{`1},System.Linq.IQueryable{`1}})">
            <summary>
            Creates an <see cref="T:CoreEx.EntityFrameworkCore.EfDbQuery`2"/> to enable select-like capabilities.
            </summary>
            <param name="queryArgs">The <see cref="T:CoreEx.EntityFrameworkCore.EfDbArgs"/>.</param>
            <param name="query">The function to further define the query.</param>
            <returns>A <see cref="T:CoreEx.EntityFrameworkCore.EfDbQuery`2"/>.</returns>
        </member>
        <member name="M:CoreEx.EntityFrameworkCore.EfDbEntity`2.GetAsync(System.Object[])">
            <summary>
            Gets the entity for the specified <paramref name="keys"/> mapping from <typeparamref name="TModel"/> to <typeparamref name="T"/>.
            </summary>
            <param name="keys">The key values.</param>
            <returns>The entity value where found; otherwise, <c>null</c>.</returns>
        </member>
        <member name="M:CoreEx.EntityFrameworkCore.EfDbEntity`2.GetAsync(System.Object[],System.Threading.CancellationToken)">
            <summary>
            Gets the entity for the specified <paramref name="keys"/> mapping from <typeparamref name="TModel"/> to <typeparamref name="T"/>.
            </summary>
            <param name="keys">The key values.</param>
            <param name="cancellationToken">The <see cref="T:System.Threading.CancellationToken"/>.</param>
            <returns>The entity value where found; otherwise, <c>null</c>.</returns>
        </member>
        <member name="M:CoreEx.EntityFrameworkCore.EfDbEntity`2.GetAsync(CoreEx.Entities.CompositeKey,System.Threading.CancellationToken)">
            <summary>
            Gets the entity for the specified <paramref name="key"/> mapping from <typeparamref name="TModel"/> to <typeparamref name="T"/>.
            </summary>
            <param name="key">The <see cref="T:CoreEx.Entities.CompositeKey"/>.</param>
            <param name="cancellationToken">The <see cref="T:System.Threading.CancellationToken"/>.</param>
            <returns>The entity value where found; otherwise, <c>null</c>.</returns>
            <remarks>Where the model implements <see cref="T:CoreEx.Entities.ILogicallyDeleted"/> and <see cref="P:CoreEx.Entities.ILogicallyDeleted.IsDeleted"/> is <c>true</c> then <c>null</c> will be returned.</remarks>
        </member>
        <member name="M:CoreEx.EntityFrameworkCore.EfDbEntity`2.GetAsync(CoreEx.EntityFrameworkCore.EfDbArgs,CoreEx.Entities.CompositeKey,System.Threading.CancellationToken)">
            <summary>
            Gets the entity for the specified <paramref name="key"/> mapping from <typeparamref name="TModel"/> to <typeparamref name="T"/>.
            </summary>
            <param name="args">The <see cref="T:CoreEx.EntityFrameworkCore.EfDbArgs"/>.</param>
            <param name="key">The <see cref="T:CoreEx.Entities.CompositeKey"/>.</param>
            <param name="cancellationToken">The <see cref="T:System.Threading.CancellationToken"/>.</param>
            <returns>The entity value where found; otherwise, <c>null</c>.</returns>
            <remarks>Where the model implements <see cref="T:CoreEx.Entities.ILogicallyDeleted"/> and <see cref="P:CoreEx.Entities.ILogicallyDeleted.IsDeleted"/> is <c>true</c> then <c>null</c> will be returned.</remarks>
        </member>
        <member name="M:CoreEx.EntityFrameworkCore.EfDbEntity`2.CreateAsync(`0,System.Threading.CancellationToken)">
            <summary>
            Performs a create for the value (reselects and/or automatically saves changes where specified).
            </summary>
            <param name="value">The value to insert.</param>
            <param name="cancellationToken">The <see cref="T:System.Threading.CancellationToken"/>.</param>
            <returns>The value (refreshed where specified).</returns>
        </member>
        <member name="M:CoreEx.EntityFrameworkCore.EfDbEntity`2.CreateAsync(CoreEx.EntityFrameworkCore.EfDbArgs,`0,System.Threading.CancellationToken)">
            <summary>
            Performs a create for the value (reselects and/or automatically saves changes where specified).
            </summary>
            <param name="args">The <see cref="T:CoreEx.EntityFrameworkCore.EfDbArgs"/>.</param>
            <param name="value">The value to insert.</param>
            <param name="cancellationToken">The <see cref="T:System.Threading.CancellationToken"/>.</param>
            <returns>The value (refreshed where specified).</returns>
        </member>
        <member name="M:CoreEx.EntityFrameworkCore.EfDbEntity`2.UpdateAsync(`0,System.Threading.CancellationToken)">
            <summary>
            Performs an update for the value (reselects and/or automatically saves changes where specified).
            </summary>
            <param name="value">The value to insert.</param>
            <param name="cancellationToken">The <see cref="T:System.Threading.CancellationToken"/>.</param>
            <returns>The value (refreshed where specified).</returns>
        </member>
        <member name="M:CoreEx.EntityFrameworkCore.EfDbEntity`2.UpdateAsync(CoreEx.EntityFrameworkCore.EfDbArgs,`0,System.Threading.CancellationToken)">
            <summary>
            Performs an update for the value (reselects and/or automatically saves changes where specified).
            </summary>
            <param name="args">The <see cref="T:CoreEx.EntityFrameworkCore.EfDbArgs"/>.</param>
            <param name="value">The value to insert.</param>
            <param name="cancellationToken">The <see cref="T:System.Threading.CancellationToken"/>.</param>
            <returns>The value (refreshed where specified).</returns>
        </member>
        <member name="M:CoreEx.EntityFrameworkCore.EfDbEntity`2.DeleteAsync(System.Object[])">
            <summary>
            Performs a delete for the specified <paramref name="keys"/>.
            </summary>
            <param name="keys">The key values.</param>
            <returns>The entity value where found; otherwise, <c>null</c>.</returns>
            <remarks>Where the model implements <see cref="T:CoreEx.Entities.ILogicallyDeleted"/> and <see cref="P:CoreEx.Entities.ILogicallyDeleted.IsDeleted"/> is <c>true</c> then a <see cref="T:CoreEx.NotFoundException"/> will be thrown.</remarks>
        </member>
        <member name="M:CoreEx.EntityFrameworkCore.EfDbEntity`2.DeleteAsync(System.Object[],System.Threading.CancellationToken)">
            <summary>
            Performs a delete for the specified <paramref name="keys"/>.
            </summary>
            <param name="keys">The key values.</param>
            <param name="cancellationToken">The <see cref="T:System.Threading.CancellationToken"/>.</param>
            <returns>The entity value where found; otherwise, <c>null</c>.</returns>
            <remarks>Where the model implements <see cref="T:CoreEx.Entities.ILogicallyDeleted"/> and <see cref="P:CoreEx.Entities.ILogicallyDeleted.IsDeleted"/> is <c>true</c> then a <see cref="T:CoreEx.NotFoundException"/> will be thrown.</remarks>
        </member>
        <member name="M:CoreEx.EntityFrameworkCore.EfDbEntity`2.DeleteAsync(CoreEx.Entities.CompositeKey,System.Threading.CancellationToken)">
            <summary>
            Performs a delete for the specified <paramref name="key"/>.
            </summary>
            <param name="key">The <see cref="T:CoreEx.Entities.CompositeKey"/>.</param>
            <param name="cancellationToken">The <see cref="T:System.Threading.CancellationToken"/>.</param>
            <remarks>Where the model implements <see cref="T:CoreEx.Entities.ILogicallyDeleted"/> and <see cref="P:CoreEx.Entities.ILogicallyDeleted.IsDeleted"/> is <c>true</c> then a <see cref="T:CoreEx.NotFoundException"/> will be thrown.</remarks>
        </member>
        <member name="M:CoreEx.EntityFrameworkCore.EfDbEntity`2.DeleteAsync(CoreEx.EntityFrameworkCore.EfDbArgs,CoreEx.Entities.CompositeKey,System.Threading.CancellationToken)">
            <summary>
            Performs a delete for the specified <paramref name="key"/>.
            </summary>
            <param name="args">The <see cref="T:CoreEx.EntityFrameworkCore.EfDbArgs"/>.</param>
            <param name="key">The <see cref="T:CoreEx.Entities.CompositeKey"/>.</param>
            <param name="cancellationToken">The <see cref="T:System.Threading.CancellationToken"/>.</param>
            <remarks>Where the model implements <see cref="T:CoreEx.Entities.ILogicallyDeleted"/> and <see cref="P:CoreEx.Entities.ILogicallyDeleted.IsDeleted"/> is <c>true</c> then a <see cref="T:CoreEx.NotFoundException"/> will be thrown.</remarks>
        </member>
        <member name="T:CoreEx.EntityFrameworkCore.EfDbExtensions">
            <summary>
            Provides the extended <b>Entity Framework</b> extension methods.
            </summary>
        </member>
        <member name="M:CoreEx.EntityFrameworkCore.EfDbExtensions.Query``2(CoreEx.EntityFrameworkCore.IEfDb,System.Func{System.Linq.IQueryable{``1},System.Linq.IQueryable{``1}})">
            <summary>
            Creates an <see cref="T:CoreEx.EntityFrameworkCore.EfDbQuery`2"/> to enable select-like capabilities.
            </summary>
            <typeparam name="T">The resultant <see cref="T:System.Type"/>.</typeparam>
            <typeparam name="TModel">The entity framework model <see cref="T:System.Type"/>.</typeparam>
            <param name="efDb">The <see cref="T:CoreEx.EntityFrameworkCore.IEfDb"/>.</param>
            <param name="query">The function to further define the query.</param>
            <returns>A <see cref="T:CoreEx.EntityFrameworkCore.EfDbQuery`2"/>.</returns>
        </member>
        <member name="M:CoreEx.EntityFrameworkCore.EfDbExtensions.GetAsync``2(CoreEx.EntityFrameworkCore.IEfDb,CoreEx.EntityFrameworkCore.EfDbArgs,System.Object,System.Threading.CancellationToken)">
            <summary>
            Gets the entity for the specified <paramref name="key"/> mapping from <typeparamref name="TModel"/> to <typeparamref name="T"/>.
            </summary>
            <typeparam name="T">The resultant <see cref="T:System.Type"/>.</typeparam>
            <typeparam name="TModel">The entity framework model <see cref="T:System.Type"/>.</typeparam>
            <param name="efDb">The <see cref="T:CoreEx.EntityFrameworkCore.IEfDb"/>.</param>
            <param name="args">The <see cref="T:CoreEx.EntityFrameworkCore.EfDbArgs"/>.</param>
            <param name="key">The key.</param>
            <param name="cancellationToken">The <see cref="T:System.Threading.CancellationToken"/>.</param>
            <returns>The entity value where found; otherwise, <c>null</c>.</returns>
        </member>
        <member name="M:CoreEx.EntityFrameworkCore.EfDbExtensions.GetAsync``2(CoreEx.EntityFrameworkCore.IEfDb,System.Object,System.Threading.CancellationToken)">
            <summary>
            Gets the entity for the specified <paramref name="key"/> mapping from <typeparamref name="TModel"/> to <typeparamref name="T"/>.
            </summary>
            <typeparam name="T">The resultant <see cref="T:System.Type"/>.</typeparam>
            <typeparam name="TModel">The entity framework model <see cref="T:System.Type"/>.</typeparam>
            <param name="efDb">The <see cref="T:CoreEx.EntityFrameworkCore.IEfDb"/>.</param>
            <param name="key">The key value.</param>
            <param name="cancellationToken">The <see cref="T:System.Threading.CancellationToken"/>.</param>
            <returns>The entity value where found; otherwise, <c>null</c>.</returns>
        </member>
        <member name="M:CoreEx.EntityFrameworkCore.EfDbExtensions.GetAsync``2(CoreEx.EntityFrameworkCore.IEfDb,CoreEx.Entities.CompositeKey,System.Threading.CancellationToken)">
            <summary>
            Gets the entity for the specified <paramref name="key"/> mapping from <typeparamref name="TModel"/> to <typeparamref name="T"/>.
            </summary>
            <typeparam name="T">The resultant <see cref="T:System.Type"/>.</typeparam>
            <typeparam name="TModel">The entity framework model <see cref="T:System.Type"/>.</typeparam>
            <param name="efDb">The <see cref="T:CoreEx.EntityFrameworkCore.IEfDb"/>.</param>
            <param name="key">The <see cref="T:CoreEx.Entities.CompositeKey"/>.</param>
            <param name="cancellationToken">The <see cref="T:System.Threading.CancellationToken"/>.</param>
            <returns>The entity value where found; otherwise, <c>null</c>.</returns>
        </member>
        <member name="M:CoreEx.EntityFrameworkCore.EfDbExtensions.CreateAsync``2(CoreEx.EntityFrameworkCore.IEfDb,``0,System.Threading.CancellationToken)">
            <summary>
            Performs a create for the value (reselects and/or automatically saves changes).
            </summary>
            <typeparam name="T">The resultant <see cref="T:System.Type"/>.</typeparam>
            <typeparam name="TModel">The entity framework model <see cref="T:System.Type"/>.</typeparam>
            <param name="efDb">The <see cref="T:CoreEx.EntityFrameworkCore.IEfDb"/>.</param>
            <param name="value">The value to insert.</param>
            <param name="cancellationToken">The <see cref="T:System.Threading.CancellationToken"/>.</param>
            <returns>The value (refreshed where specified).</returns>
        </member>
        <member name="M:CoreEx.EntityFrameworkCore.EfDbExtensions.UpdateAsync``2(CoreEx.EntityFrameworkCore.IEfDb,``0,System.Threading.CancellationToken)">
            <summary>
            Performs an update for the value (reselects and/or automatically saves changes).
            </summary>
            <typeparam name="T">The resultant <see cref="T:System.Type"/>.</typeparam>
            <typeparam name="TModel">The entity framework model <see cref="T:System.Type"/>.</typeparam>
            <param name="efDb">The <see cref="T:CoreEx.EntityFrameworkCore.IEfDb"/>.</param>
            <param name="value">The value to insert.</param>
            <param name="cancellationToken">The <see cref="T:System.Threading.CancellationToken"/>.</param>
            <returns>The value (refreshed where specified).</returns>
        </member>
        <member name="M:CoreEx.EntityFrameworkCore.EfDbExtensions.DeleteAsync``2(CoreEx.EntityFrameworkCore.IEfDb,CoreEx.EntityFrameworkCore.EfDbArgs,System.Object,System.Threading.CancellationToken)">
            <summary>
            Performs a delete for the specified <paramref name="key"/>.
            </summary>
            <typeparam name="T">The resultant <see cref="T:System.Type"/>.</typeparam>
            <typeparam name="TModel">The entity framework model <see cref="T:System.Type"/>.</typeparam>
            <param name="efDb">The <see cref="T:CoreEx.EntityFrameworkCore.IEfDb"/>.</param>
            <param name="args">The <see cref="T:CoreEx.EntityFrameworkCore.EfDbArgs"/>.</param>
            <param name="key">The key value.</param>
            <param name="cancellationToken">The <see cref="T:System.Threading.CancellationToken"/>.</param>
            <remarks>Where the model implements <see cref="T:CoreEx.Entities.ILogicallyDeleted"/> then this will update the <see cref="P:CoreEx.Entities.ILogicallyDeleted.IsDeleted"/> with <c>true</c> versus perform a physical deletion.</remarks>
        </member>
        <member name="M:CoreEx.EntityFrameworkCore.EfDbExtensions.DeleteAsync``2(CoreEx.EntityFrameworkCore.IEfDb,System.Object,System.Threading.CancellationToken)">
            <summary>
            Performs a delete for the specified <paramref name="key"/>.
            </summary>
            <typeparam name="T">The resultant <see cref="T:System.Type"/>.</typeparam>
            <typeparam name="TModel">The entity framework model <see cref="T:System.Type"/>.</typeparam>
            <param name="efDb">The <see cref="T:CoreEx.EntityFrameworkCore.IEfDb"/>.</param>
            <param name="key">The key value.</param>
            <param name="cancellationToken">The <see cref="T:System.Threading.CancellationToken"/>.</param>
            <remarks>Where the model implements <see cref="T:CoreEx.Entities.ILogicallyDeleted"/> then this will update the <see cref="P:CoreEx.Entities.ILogicallyDeleted.IsDeleted"/> with <c>true</c> versus perform a physical deletion.</remarks>
        </member>
        <member name="M:CoreEx.EntityFrameworkCore.EfDbExtensions.DeleteAsync``2(CoreEx.EntityFrameworkCore.IEfDb,CoreEx.Entities.CompositeKey,System.Threading.CancellationToken)">
            <summary>
            Performs a delete for the specified <paramref name="key"/>.
            </summary>
            <typeparam name="T">The resultant <see cref="T:System.Type"/>.</typeparam>
            <typeparam name="TModel">The entity framework model <see cref="T:System.Type"/>.</typeparam>
            <param name="efDb">The <see cref="T:CoreEx.EntityFrameworkCore.IEfDb"/>.</param>
            <param name="key">The <see cref="T:CoreEx.Entities.CompositeKey"/>.</param>
            <param name="cancellationToken">The <see cref="T:System.Threading.CancellationToken"/>.</param>
            <remarks>Where the model implements <see cref="T:CoreEx.Entities.ILogicallyDeleted"/> then this will update the <see cref="P:CoreEx.Entities.ILogicallyDeleted.IsDeleted"/> with <c>true</c> versus perform a physical deletion.</remarks>
        </member>
        <member name="T:CoreEx.EntityFrameworkCore.EfDbInvoker">
            <summary>
            Provides the standard <see cref="T:CoreEx.EntityFrameworkCore.IEfDb"/> invoker functionality.
            </summary>
            <remarks>Catches any unhandled <see cref="T:Microsoft.EntityFrameworkCore.DbUpdateConcurrencyException"/> or <see cref="T:System.Data.Common.DbException"/> and invokes <see cref="M:CoreEx.Database.Database`1.HandleDbException(System.Data.Common.DbException)"/> to handle before bubbling up.</remarks>
        </member>
        <member name="M:CoreEx.EntityFrameworkCore.EfDbInvoker.OnInvokeAsync``1(CoreEx.EntityFrameworkCore.IEfDb,System.Func{System.Threading.CancellationToken,System.Threading.Tasks.Task{``0}},System.Threading.CancellationToken)">
            <inheritdoc/>
        </member>
        <member name="T:CoreEx.EntityFrameworkCore.EfDbQuery`2">
            <summary>
            Encapsulates an Entity Framework query enabling all select-like capabilities.
            </summary>
            <typeparam name="T">The resultant <see cref="T:System.Type"/>.</typeparam>
            <typeparam name="TModel">The entity framework model <see cref="T:System.Type"/>.</typeparam>
        </member>
        <member name="M:CoreEx.EntityFrameworkCore.EfDbQuery`2.#ctor(CoreEx.EntityFrameworkCore.IEfDb,CoreEx.EntityFrameworkCore.EfDbArgs,System.Func{System.Linq.IQueryable{`1},System.Linq.IQueryable{`1}})">
            <summary>
            Initializes a new instance of the <see cref="T:CoreEx.EntityFrameworkCore.EfDbQuery`2"/> struct.
            </summary>
            <param name="efdb">The <see cref="T:CoreEx.EntityFrameworkCore.IEfDb"/>.</param>
            <param name="args">The <see cref="T:CoreEx.EntityFrameworkCore.EfDbArgs"/>.</param>
            <param name="query">A function to modify the underlying <see cref="T:System.Linq.IQueryable`1"/>.</param>
        </member>
        <member name="P:CoreEx.EntityFrameworkCore.EfDbQuery`2.EfDb">
            <summary>
            Gets the <see cref="T:CoreEx.EntityFrameworkCore.IEfDb"/>.
            </summary>
        </member>
        <member name="P:CoreEx.EntityFrameworkCore.EfDbQuery`2.Args">
            <summary>
            Gets the <see cref="T:CoreEx.EntityFrameworkCore.EfDbArgs"/>.
            </summary>
        </member>
        <member name="P:CoreEx.EntityFrameworkCore.EfDbQuery`2.Mapper">
            <summary>
            Gets the <see cref="T:CoreEx.Mapping.IMapper"/>.
            </summary>
        </member>
        <member name="P:CoreEx.EntityFrameworkCore.EfDbQuery`2.Paging">
            <summary>
            Gets the <see cref="T:CoreEx.Entities.PagingResult"/>.
            </summary>
        </member>
        <member name="M:CoreEx.EntityFrameworkCore.EfDbQuery`2.WithPaging(CoreEx.Entities.PagingArgs)">
            <summary>
            Adds <see cref="T:CoreEx.Entities.PagingArgs"/> to the query.
            </summary>
            <param name="paging">The <see cref="T:CoreEx.Entities.PagingArgs"/>.</param>
            <returns>The <see cref="T:CoreEx.EntityFrameworkCore.EfDbQuery`2"/> to suport fluent-style method-chaining.</returns>
        </member>
        <member name="M:CoreEx.EntityFrameworkCore.EfDbQuery`2.WithPaging(System.Int64,System.Nullable{System.Int64})">
            <summary>
            Adds <see cref="T:CoreEx.Entities.PagingArgs"/> to the query.
            </summary>
            <param name="skip">The specified number of elements in a sequence to bypass.</param>
            <param name="take">The specified number of contiguous elements from the start of a sequence.</param>
            <returns>The <see cref="T:CoreEx.EntityFrameworkCore.EfDbQuery`2"/> to suport fluent-style method-chaining.</returns>
        </member>
        <member name="M:CoreEx.EntityFrameworkCore.EfDbQuery`2.ExecuteQueryAsync``1(System.Func{System.Linq.IQueryable{`1},System.Threading.CancellationToken,System.Threading.Tasks.Task{``0}},System.Threading.CancellationToken)">
            <summary>
            Manages the DbContext and underlying query construction and lifetime.
            </summary>
        </member>
        <member name="M:CoreEx.EntityFrameworkCore.EfDbQuery`2.ExecuteQueryAndMapAsync``1(System.Func{System.Linq.IQueryable{`1},System.Threading.CancellationToken,System.Threading.Tasks.Task{``0}},System.Threading.CancellationToken)">
            <summary>
            Executes the query and maps.
            </summary>
        </member>
        <member name="M:CoreEx.EntityFrameworkCore.EfDbQuery`2.SetPaging(System.Linq.IQueryable{`1},CoreEx.Entities.PagingArgs)">
            <summary>
            Sets the paging from the <see cref="T:CoreEx.Entities.PagingArgs"/>.
            </summary>
        </member>
        <member name="M:CoreEx.EntityFrameworkCore.EfDbQuery`2.SelectSingleAsync(System.Threading.CancellationToken)">
            <summary>
            Selects a single item.
            </summary>
            <param name="cancellationToken">The <see cref="T:System.Threading.CancellationToken"/>.</param>
            <returns>The single item.</returns>
        </member>
        <member name="M:CoreEx.EntityFrameworkCore.EfDbQuery`2.SelectSingleOrDefaultAsync(System.Threading.CancellationToken)">
            <summary>
            Selects a single item or default.
            </summary>
            <param name="cancellationToken">The <see cref="T:System.Threading.CancellationToken"/>.</param>
            <returns>The single item or default.</returns>
        </member>
        <member name="M:CoreEx.EntityFrameworkCore.EfDbQuery`2.SelectFirstAsync(System.Threading.CancellationToken)">
            <summary>
            Selects first item.
            </summary>
            <param name="cancellationToken">The <see cref="T:System.Threading.CancellationToken"/>.</param>
            <returns>The first item.</returns>
        </member>
        <member name="M:CoreEx.EntityFrameworkCore.EfDbQuery`2.SelectFirstOrDefaultAsync(System.Threading.CancellationToken)">
            <summary>
            Selects first item or default.
            </summary>
            <param name="cancellationToken">The <see cref="T:System.Threading.CancellationToken"/>.</param>
            <returns>The single item or default.</returns>
        </member>
        <member name="M:CoreEx.EntityFrameworkCore.EfDbQuery`2.SelectResultAsync``2(System.Threading.CancellationToken)">
            <summary>
            Executes the query command creating a <typeparamref name="TCollResult"/>.
            </summary>
            <typeparam name="TCollResult">The <see cref="T:CoreEx.Entities.ICollectionResult`2"/> <see cref="T:System.Type"/>.</typeparam>
            <typeparam name="TColl">The <see cref="T:System.Collections.Generic.ICollection`1"/> <see cref="T:System.Type"/>.</typeparam>
            <param name="cancellationToken">The <see cref="T:System.Threading.CancellationToken"/>.</param>
            <returns>The resulting <typeparamref name="TCollResult"/>.</returns>
        </member>
        <member name="M:CoreEx.EntityFrameworkCore.EfDbQuery`2.SelectQueryAsync``1(System.Threading.CancellationToken)">
            <summary>
            Executes the query command creating a resultant collection.
            </summary>
            <typeparam name="TColl">The collection <see cref="T:System.Type"/>.</typeparam>
            <returns>A resultant collection.</returns>
        </member>
        <member name="M:CoreEx.EntityFrameworkCore.EfDbQuery`2.SelectQueryAsync``1(``0,System.Threading.CancellationToken)">
            <summary>
            Executes a query adding to the passed collection.
            </summary>
            <typeparam name="TColl">The collection <see cref="T:System.Type"/>.</typeparam>
            <param name="cancellationToken">The <see cref="T:System.Threading.CancellationToken"/>.</param>
            <param name="collection">The collection to add items to.</param>
            <returns>The <paramref name="collection"/>.</returns>
        </member>
        <member name="T:CoreEx.EntityFrameworkCore.IEfDb">
            <summary>
            Enables the extended <b>Entity Framework</b> functionality.
            </summary>
        </member>
        <member name="P:CoreEx.EntityFrameworkCore.IEfDb.DbContext">
            <summary>
            Gets the underlying <see name="Microsoft.EntityFrameworkCore.DbContext"/>.
            </summary>
        </member>
        <member name="P:CoreEx.EntityFrameworkCore.IEfDb.Invoker">
            <summary>
            Gets the <see cref="T:CoreEx.EntityFrameworkCore.EfDbInvoker"/>.
            </summary>
        </member>
        <member name="P:CoreEx.EntityFrameworkCore.IEfDb.Database">
            <summary>
            Gets the <see cref="T:CoreEx.Database.IDatabase"/>.
            </summary>
        </member>
        <member name="P:CoreEx.EntityFrameworkCore.IEfDb.Mapper">
            <summary>
            Gets the <see cref="T:CoreEx.Mapping.IMapper"/>.
            </summary>
        </member>
        <member name="P:CoreEx.EntityFrameworkCore.IEfDb.DbArgs">
            <summary>
            Gets the default <see cref="T:CoreEx.EntityFrameworkCore.EfDbArgs"/> used where not expliticly specified for an operation.
            </summary>
        </member>
        <member name="M:CoreEx.EntityFrameworkCore.IEfDb.Query``2(CoreEx.EntityFrameworkCore.EfDbArgs,System.Func{System.Linq.IQueryable{``1},System.Linq.IQueryable{``1}})">
            <summary>
            Creates an <see cref="T:CoreEx.EntityFrameworkCore.EfDbQuery`2"/> to enable select-like capabilities.
            </summary>
            <typeparam name="T">The resultant <see cref="T:System.Type"/>.</typeparam>
            <typeparam name="TModel">The entity framework model <see cref="T:System.Type"/>.</typeparam>
            <param name="queryArgs">The <see cref="T:CoreEx.EntityFrameworkCore.EfDbArgs"/>.</param>
            <param name="query">The function to further define the query.</param>
            <returns>A <see cref="T:CoreEx.EntityFrameworkCore.EfDbQuery`2"/>.</returns>
        </member>
        <member name="M:CoreEx.EntityFrameworkCore.IEfDb.GetAsync``2(CoreEx.EntityFrameworkCore.EfDbArgs,CoreEx.Entities.CompositeKey,System.Threading.CancellationToken)">
            <summary>
            Gets the entity for the specified <paramref name="key"/> mapping from <typeparamref name="TModel"/> to <typeparamref name="T"/>.
            </summary>
            <typeparam name="T">The resultant <see cref="T:System.Type"/>.</typeparam>
            <typeparam name="TModel">The entity framework model <see cref="T:System.Type"/>.</typeparam>
            <param name="args">The <see cref="T:CoreEx.EntityFrameworkCore.EfDbArgs"/>.</param>
            <param name="key">The <see cref="T:CoreEx.Entities.CompositeKey"/>.</param>
            <param name="cancellationToken">The <see cref="T:System.Threading.CancellationToken"/>.</param>
            <returns>The entity value where found; otherwise, <c>null</c>.</returns>
        </member>
        <member name="M:CoreEx.EntityFrameworkCore.IEfDb.CreateAsync``2(CoreEx.EntityFrameworkCore.EfDbArgs,``0,System.Threading.CancellationToken)">
            <summary>
            Performs a create for the value (reselects and/or automatically saves changes where specified).
            </summary>
            <typeparam name="T">The resultant <see cref="T:System.Type"/>.</typeparam>
            <typeparam name="TModel">The entity framework model <see cref="T:System.Type"/>.</typeparam>
            <param name="args">The <see cref="T:CoreEx.EntityFrameworkCore.EfDbArgs"/>.</param>
            <param name="value">The value to insert.</param>
            <param name="cancellationToken">The <see cref="T:System.Threading.CancellationToken"/>.</param>
            <returns>The value (refreshed where specified).</returns>
        </member>
        <member name="M:CoreEx.EntityFrameworkCore.IEfDb.UpdateAsync``2(CoreEx.EntityFrameworkCore.EfDbArgs,``0,System.Threading.CancellationToken)">
            <summary>
            Performs an update for the value (reselects and/or automatically saves changes where specified).
            </summary>
            <typeparam name="T">The resultant <see cref="T:System.Type"/>.</typeparam>
            <typeparam name="TModel">The entity framework model <see cref="T:System.Type"/>.</typeparam>
            <param name="args">The <see cref="T:CoreEx.EntityFrameworkCore.EfDbArgs"/>.</param>
            <param name="value">The value to insert.</param>
            <param name="cancellationToken">The <see cref="T:System.Threading.CancellationToken"/>.</param>
            <returns>The value (refreshed where specified).</returns>
        </member>
        <member name="M:CoreEx.EntityFrameworkCore.IEfDb.DeleteAsync``2(CoreEx.EntityFrameworkCore.EfDbArgs,CoreEx.Entities.CompositeKey,System.Threading.CancellationToken)">
            <summary>
            Performs a delete for the specified <paramref name="key"/>.
            </summary>
            <typeparam name="T">The resultant <see cref="T:System.Type"/>.</typeparam>
            <typeparam name="TModel">The entity framework model <see cref="T:System.Type"/>.</typeparam>
            <param name="args">The <see cref="T:CoreEx.EntityFrameworkCore.EfDbArgs"/>.</param>
            <param name="key">The <see cref="T:CoreEx.Entities.CompositeKey"/>.</param>
            <param name="cancellationToken">The <see cref="T:System.Threading.CancellationToken"/>.</param>
            <remarks>Where the model implements <see cref="T:CoreEx.Entities.ILogicallyDeleted"/> then this will update the <see cref="P:CoreEx.Entities.ILogicallyDeleted.IsDeleted"/> with <c>true</c> versus perform a physical deletion.</remarks>
        </member>
        <member name="M:CoreEx.EntityFrameworkCore.IEfDb.WithWildcard(System.String,System.Action{System.String})">
            <summary>
            Invokes the <paramref name="action"/> whilst <see cref="M:CoreEx.Database.DatabaseWildcard.Replace(System.String)">replacing</see> the <b>wildcard</b> characters when the <paramref name="with"/> is not <c>null</c>.
            </summary>
            <param name="with">The value with which to verify.</param>
            <param name="action">The <see cref="T:System.Action"/> to invoke when there is a valid <paramref name="with"/> value; passed the database specific wildcard value as the action argument.</param>
        </member>
        <member name="M:CoreEx.EntityFrameworkCore.IEfDb.With``1(``0,System.Action)">
            <summary>
            Invokes the <paramref name="action"/> when the <paramref name="with"/> is not the default value for the <see cref="T:System.Type"/>.
            </summary>
            <typeparam name="T">The with value <see cref="T:System.Type"/>.</typeparam>
            <param name="with">The value with which to verify.</param>
            <param name="action">The <see cref="T:System.Action"/> to invoke when there is a valid <paramref name="with"/> value.</param>
        </member>
        <member name="T:CoreEx.EntityFrameworkCore.IEfDbContext">
            <summary>
            Enables access to the base <see cref="T:CoreEx.Database.IDatabase"/> instance (see <see cref="P:CoreEx.EntityFrameworkCore.IEfDbContext.BaseDatabase"/>).
            </summary>
        </member>
        <member name="P:CoreEx.EntityFrameworkCore.IEfDbContext.BaseDatabase">
            <summary>
            Gets the base <see cref="T:CoreEx.Database.IDatabase"/>.
            </summary>
        </member>
        <member name="T:CoreEx.EntityFrameworkCore.IEfDbEntity">
            <summary>
            Enables the common <b>Entity Framework</b> entity capabilities.
            </summary>
        </member>
        <member name="P:CoreEx.EntityFrameworkCore.IEfDbEntity.EfDb">
            <summary>
            Gets the owning <see cref="T:CoreEx.EntityFrameworkCore.IEfDb"/>.
            </summary>
        </member>
        <member name="T:Microsoft.EntityFrameworkCore.EfDbQueryableExtensions">
            <summary>
            Adds additional extension methods to <see cref="T:System.Linq.IQueryable`1"/>.
            </summary>
        </member>
        <member name="M:Microsoft.EntityFrameworkCore.EfDbQueryableExtensions.ToCollectionResultAsync``3(System.Linq.IQueryable{``2},CoreEx.Entities.PagingArgs,System.Threading.CancellationToken)">
            <summary>
            Creates a <see cref="T:CoreEx.Entities.ICollectionResult"/> from a <see cref="T:System.Linq.IQueryable`1"/>.
            </summary>
            <typeparam name="TCollResult">The <see cref="T:CoreEx.Entities.ICollectionResult"/> <see cref="T:System.Type"/>.</typeparam>
            <typeparam name="TColl">The collection <see cref="T:System.Type"/>.</typeparam>
            <typeparam name="TItem">The item <see cref="T:System.Type"/>.</typeparam>
            <param name="query">The <see cref="T:System.Collections.Generic.IEnumerable`1"/>.</param>
            <param name="paging">The <see cref="T:CoreEx.Entities.PagingArgs"/>.</param>
            <param name="cancellationToken">The <see cref="T:System.Threading.CancellationToken"/>.</param>
            <returns>A new collection that contains the elements from the input sequence.</returns>
        </member>
        <member name="T:Microsoft.Extensions.DependencyInjection.EfDbServiceCollectionExtensions">
            <summary>
            Provides <see cref="T:Microsoft.Extensions.DependencyInjection.IServiceCollection"/> extenstion methods.
            </summary>
        </member>
        <member name="M:Microsoft.Extensions.DependencyInjection.EfDbServiceCollectionExtensions.AddEfDb``1(Microsoft.Extensions.DependencyInjection.IServiceCollection)">
            <summary>
            Adds the <typeparamref name="TEfDb"/> as a scoped <see cref="T:CoreEx.EntityFrameworkCore.IEfDb"/> service.
            </summary>
            <typeparam name="TEfDb">The corresponding entity framework <see cref="T:CoreEx.EntityFrameworkCore.IEfDb"/> <see cref="T:System.Type"/>.</typeparam>
            <param name="services">The <see cref="T:Microsoft.Extensions.DependencyInjection.IServiceCollection"/>.</param>
            <returns>The <see cref="T:Microsoft.Extensions.DependencyInjection.IServiceCollection"/> to support fluent-style method-chaining.</returns>
        </member>
        <member name="M:Microsoft.Extensions.DependencyInjection.EfDbServiceCollectionExtensions.AddEfDb``2(Microsoft.Extensions.DependencyInjection.IServiceCollection)">
            <summary>
            Adds the <typeparamref name="TEfDb"/> as a scoped <typeparamref name="TIEfDb"/> service.
            </summary>
            <typeparam name="TIEfDb">The corresponding entity framework <see cref="T:CoreEx.EntityFrameworkCore.IEfDb"/> service <see cref="T:System.Type"/>.</typeparam>
            <typeparam name="TEfDb">The corresponding entity framework <typeparamref name="TIEfDb"/> implementation <see cref="T:System.Type"/>.</typeparam>
            <param name="services"></param>
            <returns></returns>
        </member>
    </members>
</doc>
