<?xml version="1.0"?>
<doc>
    <assembly>
        <name>CoreEx.AutoMapper</name>
    </assembly>
    <members>
        <member name="T:CoreEx.Mapping.Converters.AutoMapperConverterWrapper`4">
            <summary>
            Wraps an <see cref="T:CoreEx.Mapping.Converters.IConverter"/> to enable <see cref="T:AutoMapper.IValueConverter`2"/> to/from capabilities.
            </summary>
            <typeparam name="TSource">The source <see cref="T:System.Type"/>.</typeparam>
            <typeparam name="TDestination">The destination <see cref="T:System.Type"/>.</typeparam>
            <typeparam name="TConverter">The <see cref="T:CoreEx.Mapping.Converters.IConverter`2"/> <see cref="T:System.Type"/>.</typeparam>
            <typeparam name="TSelf">The declaring <see cref="T:System.Type"/> itself to enable <see cref="P:CoreEx.Mapping.Converters.AutoMapperConverterWrapper`4.Default"/>.</typeparam>
        </member>
        <member name="P:CoreEx.Mapping.Converters.AutoMapperConverterWrapper`4.Default">
            <summary>
            Gets or sets the default (singleton) instance.
            </summary>
        </member>
        <member name="M:CoreEx.Mapping.Converters.AutoMapperConverterWrapper`4.#ctor(System.Func{`2})">
            <summary>
            Initializes a new instance of the <see cref="T:CoreEx.Mapping.Converters.AutoMapperConverterWrapper`4"/> class.
            </summary>
            <param name="create">The optional function to create the <typeparamref name="TConverter"/> instance.</param>
        </member>
        <member name="P:CoreEx.Mapping.Converters.AutoMapperConverterWrapper`4.ToDestination">
            <summary>
            Gets the source to destination <see cref="T:AutoMapper.IValueConverter`2"/>.
            </summary>
        </member>
        <member name="P:CoreEx.Mapping.Converters.AutoMapperConverterWrapper`4.ToSource">
            <summary>
            Gets the destination to source <see cref="T:AutoMapper.IValueConverter`2"/>.
            </summary>
        </member>
        <member name="T:CoreEx.Mapping.Converters.AutoMapperConverterWrapper`4.ToDestinationMapper">
            <summary>
            Represents the source to destination <see cref="T:AutoMapper.IValueConverter`2"/> struct.
            </summary>
        </member>
        <member name="M:CoreEx.Mapping.Converters.AutoMapperConverterWrapper`4.ToDestinationMapper.Convert(`0,AutoMapper.ResolutionContext)">
            <inheritdoc/>
        </member>
        <member name="T:CoreEx.Mapping.Converters.AutoMapperConverterWrapper`4.ToSourceMapper">
            <summary>
            Represents the destination to source <see cref="T:AutoMapper.IValueConverter`2"/> struct.
            </summary>
        </member>
        <member name="M:CoreEx.Mapping.Converters.AutoMapperConverterWrapper`4.ToSourceMapper.Convert(`1,AutoMapper.ResolutionContext)">
            <inheritdoc/>
        </member>
        <member name="T:CoreEx.Mapping.Converters.AutoMapperObjectToJsonConverter`1">
            <summary>
            Wraps a <see cref="T:CoreEx.Mapping.Converters.ObjectToJsonConverter`1"/> to enable for <b>AutoMapper</b>.
            </summary>
        </member>
        <member name="T:CoreEx.Mapping.Converters.AutoMapperReferenceDataCodeConverter`1">
            <summary>
            Wraps a <see cref="T:CoreEx.Mapping.Converters.ReferenceDataCodeConverter`1"/> to enable for <b>AutoMapper</b>.
            </summary>
        </member>
        <member name="T:CoreEx.Mapping.Converters.AutoMapperReferenceDataIdConverter`2">
            <summary>
            Wraps a <see cref="T:CoreEx.Mapping.Converters.ReferenceDataIdConverter`2"/> to enable for <b>AutoMapper</b>.
            </summary>
        </member>
        <member name="T:CoreEx.Mapping.Converters.AutoMapperStringToBase64Converter">
            <summary>
            Wraps a <see cref="T:CoreEx.Mapping.Converters.StringToBase64Converter"/> to enable for <b>AutoMapper</b>.
            </summary>
        </member>
        <member name="T:CoreEx.Mapping.Converters.AutoMapperTypeToStringConverter`1">
            <summary>
            Wraps a <see cref="T:CoreEx.Mapping.Converters.TypeToStringConverter`1"/> to enable for <b>AutoMapper</b>.
            </summary>
        </member>
        <member name="T:CoreEx.Mapping.AutoMapperExtensions">
            <summary>
            Adds additional extension methods for <c>AutoMapper</c>.
            </summary>
        </member>
        <member name="F:CoreEx.Mapping.AutoMapperExtensions.OperationTypesName">
            <summary>
            Gets the <see cref="T:CoreEx.Mapping.OperationTypes"/> name used for indexing <see cref="P:AutoMapper.IMappingOperationOptions.Items"/>.
            </summary>
        </member>
        <member name="M:CoreEx.Mapping.AutoMapperExtensions.OperationTypes``3(AutoMapper.IMemberConfigurationExpression{``0,``1,``2},CoreEx.Mapping.OperationTypes)">
            <summary>
            Conditionally map this member with the specified the <see cref="T:CoreEx.Mapping.OperationTypes"/> against the <see cref="P:AutoMapper.IMappingOperationOptions.Items"/> <see cref="F:CoreEx.Mapping.AutoMapperExtensions.OperationTypesName"/> value, evaluated before accessing the source value.
            </summary>
            <typeparam name="TSource">The source entity <see cref="T:System.Type"/>.</typeparam>
            <typeparam name="TDestination">The destination entity <see cref="T:System.Type"/>.</typeparam>
            <typeparam name="TSourceMember">The source entity member <see cref="T:System.Type"/>.</typeparam>
            <param name="mce">The <see cref="T:AutoMapper.IMemberConfigurationExpression`3"/>.</param>
            <param name="operationTypes">The <see cref="T:CoreEx.Mapping.OperationTypes"/>.</param>
            <remarks>Uses the <see cref="M:AutoMapper.IMemberConfigurationExpression`3.PreCondition(System.Func{AutoMapper.ResolutionContext,System.Boolean})"/>.</remarks>
        </member>
        <member name="M:CoreEx.Mapping.AutoMapperExtensions.OperationTypes``3(AutoMapper.Configuration.IPathConfigurationExpression{``0,``1,``2},CoreEx.Mapping.OperationTypes)">
            <summary>
            Conditionally map this path with the specified the <see cref="T:CoreEx.Mapping.OperationTypes"/> against the <see cref="P:AutoMapper.IMappingOperationOptions.Items"/> <see cref="F:CoreEx.Mapping.AutoMapperExtensions.OperationTypesName"/> value, evaluated before accessing the source value.
            </summary>
            <typeparam name="TSource">The source entity <see cref="T:System.Type"/>.</typeparam>
            <typeparam name="TDestination">The destination entity <see cref="T:System.Type"/>.</typeparam>
            <typeparam name="TMember">The member <see cref="T:System.Type"/>.</typeparam>
            <param name="pce">The <see cref="T:AutoMapper.Configuration.IPathConfigurationExpression`3"/>.</param>
            <param name="operationTypes">The <see cref="T:CoreEx.Mapping.OperationTypes"/>.</param>
            <remarks>Uses the <see cref="M:AutoMapper.Configuration.IPathConfigurationExpression`3.Condition(System.Func{AutoMapper.Configuration.ConditionParameters{`0,`1,`2},System.Boolean})"/>.</remarks>
        </member>
        <member name="M:CoreEx.Mapping.AutoMapperExtensions.Map``1(AutoMapper.IMapper,System.Object,CoreEx.Mapping.OperationTypes)">
            <summary>
            Maps the <paramref name="source"/> (inferring <see cref="T:System.Type"/>) value to a new <typeparamref name="TDestination"/> value.
            </summary>
            <typeparam name="TDestination">The destination <see cref="T:System.Type"/>.</typeparam>
            <param name="mapper">The <see cref="T:AutoMapper.IMapper"/>.</param>
            <param name="source">The source value.</param>
            <param name="operationType">The singluar <see href="https://en.wikipedia.org/wiki/Create,_read,_update_and_delete">CRUD</see> <see cref="T:CoreEx.Mapping.OperationTypes"/> value being performed.</param>
            <returns>The destination value.</returns>
        </member>
        <member name="M:CoreEx.Mapping.AutoMapperExtensions.Map``2(AutoMapper.IMapper,``0,CoreEx.Mapping.OperationTypes)">
            <summary>
            Maps the <paramref name="source"/> value to a new <typeparamref name="TDestination"/> value.
            </summary>
            <typeparam name="TSource">The source <see cref="T:System.Type"/>.</typeparam>
            <typeparam name="TDestination">The destination <see cref="T:System.Type"/>.</typeparam>
            <param name="mapper">The <see cref="T:AutoMapper.IMapper"/>.</param>
            <param name="source">The source value.</param>
            <param name="operationType">The singluar <see href="https://en.wikipedia.org/wiki/Create,_read,_update_and_delete">CRUD</see> <see cref="T:CoreEx.Mapping.OperationTypes"/> value being performed.</param>
            <returns>The destination value.</returns>
        </member>
        <member name="M:CoreEx.Mapping.AutoMapperExtensions.Map``2(AutoMapper.IMapper,``0,``1,CoreEx.Mapping.OperationTypes)">
            <summary>
            Maps the <paramref name="source"/> value into the existing <paramref name="destination"/> value.
            </summary>
            <typeparam name="TSource">The source <see cref="T:System.Type"/>.</typeparam>
            <typeparam name="TDestination">The destination <see cref="T:System.Type"/>.</typeparam>
            <param name="mapper">The <see cref="T:AutoMapper.IMapper"/>.</param>
            <param name="source">The source value.</param>
            <param name="destination">The destination value.</param>
            <param name="operationType">The singluar <see href="https://en.wikipedia.org/wiki/Create,_read,_update_and_delete">CRUD</see> <see cref="T:CoreEx.Mapping.OperationTypes"/> value being performed.</param>
            <returns>The <paramref name="destination"/> value.</returns>
        </member>
        <member name="T:CoreEx.Mapping.AutoMapperProfile">
            <summary>
            Represents the core <c>AutoMapper</c> <see cref="T:AutoMapper.Profile"/> for <i>CoreEx</i>.
            </summary>
            <remarks>Automatically sets the mapping between <see cref="T:CoreEx.Entities.ChangeLog"/> and <see cref="T:CoreEx.Entities.Extended.ChangeLogEx"/>.</remarks>
        </member>
        <member name="P:CoreEx.Mapping.AutoMapperProfile.Assembly">
            <summary>
            Gets the <i>CoreEx</i> <see cref="T:CoreEx.Mapping.AutoMapperProfile"/> <see cref="T:System.Reflection.Assembly"/>.
            </summary>
        </member>
        <member name="M:CoreEx.Mapping.AutoMapperProfile.#ctor">
            <summary>
            Initializes a new instance of the <see cref="T:CoreEx.Mapping.AutoMapperProfile"/> class.
            </summary>
        </member>
        <member name="T:CoreEx.Mapping.AutoMapperWrapper">
            <summary>
            Represents an <see cref="T:AutoMapper.IMapper"/> wrapper to enable <i>CoreEx</i> <see cref="T:CoreEx.Mapping.IMapper"/>.
            </summary>
        </member>
        <member name="M:CoreEx.Mapping.AutoMapperWrapper.#ctor(AutoMapper.IMapper)">
            <summary>
            Initializes a new instance of the <see cref="T:CoreEx.Mapping.AutoMapperWrapper"/> class.
            </summary>
            <param name="autoMapper">The <see cref="T:AutoMapper.IMapper"/> being wrapped.</param>
        </member>
        <member name="P:CoreEx.Mapping.AutoMapperWrapper.Mapper">
            <summary>
            Gets the wrapped <see cref="T:AutoMapper.IMapper"/>
            </summary>
        </member>
        <member name="M:CoreEx.Mapping.AutoMapperWrapper.Map``1(System.Object,CoreEx.Mapping.OperationTypes)">
            <inheritdoc/>
        </member>
        <member name="M:CoreEx.Mapping.AutoMapperWrapper.Map``2(``0,CoreEx.Mapping.OperationTypes)">
            <inheritdoc/>
        </member>
        <member name="M:CoreEx.Mapping.AutoMapperWrapper.Map``2(``0,``1,CoreEx.Mapping.OperationTypes)">
            <inheritdoc/>
        </member>
        <member name="T:Microsoft.Extensions.DependencyInjection.AutoMapperServiceCollectionExtensions">
            <summary>
            Provides <see cref="T:Microsoft.Extensions.DependencyInjection.IServiceCollection"/> extenstion methods.
            </summary>
        </member>
        <member name="M:Microsoft.Extensions.DependencyInjection.AutoMapperServiceCollectionExtensions.AddAutoMapperWrapper(Microsoft.Extensions.DependencyInjection.IServiceCollection)">
            <summary>
            Adds an <see cref="T:CoreEx.Mapping.AutoMapperWrapper"/> to wrap the <see cref="T:AutoMapper.IMapper"/> as a singleton services.
            </summary>
            <param name="services">The <see cref="T:Microsoft.Extensions.DependencyInjection.IServiceCollection"/>.</param>
            <returns>The <see cref="T:Microsoft.Extensions.DependencyInjection.IServiceCollection"/> for fluent-style method-chaining.</returns>
        </member>
    </members>
</doc>
