<?xml version="1.0"?>
<doc>
    <assembly>
        <name>CoreEx.FluentValidation</name>
    </assembly>
    <members>
        <member name="T:FluentValidation.FluentValidationExtensions">
            <summary>
            <c>FluentValidation</c> extension methods.
            </summary>
        </member>
        <member name="M:FluentValidation.FluentValidationExtensions.RefDataCode``1(FluentValidation.IRuleBuilder{``0,System.String})">
            <summary>
            Defines an <see cref="T:CoreEx.RefData.IReferenceData"/> validator whereby the <see cref="M:FluentValidation.FluentValidationExtensions.ReferenceDataTypeOf`1.As``1"/> is required to specify corresponding <see cref="T:CoreEx.RefData.IReferenceData"/> <see cref="T:System.Type"/>.
            </summary>
            <typeparam name="T">The owning object <see cref="T:System.Type"/>.</typeparam>
            <param name="ruleBuilder">The <paramref name="ruleBuilder"/> to enable the extension method.</param>
            <returns>The <see cref="T:FluentValidation.FluentValidationExtensions.ReferenceDataTypeOf`1"/>.</returns>
        </member>
        <member name="T:FluentValidation.FluentValidationExtensions.ReferenceDataTypeOf`1">
            <summary>
            Provides for the specification of the corresponding <see cref="T:FluentValidation.FluentValidationExtensions.ReferenceDataTypeOf`1"/> <see cref="T:CoreEx.RefData.IReferenceData"/> <see cref="T:System.Type"/>.
            </summary>
            <typeparam name="T">The owning object <see cref="T:System.Type"/>.</typeparam>
        </member>
        <member name="M:FluentValidation.FluentValidationExtensions.ReferenceDataTypeOf`1.#ctor(FluentValidation.IRuleBuilder{`0,System.String})">
            <summary>
            Initializes a new instance of the <see cref="T:FluentValidation.FluentValidationExtensions.ReferenceDataTypeOf`1"/> class.
            </summary>
            <param name="ruleBuilder">The <see cref="T:FluentValidation.IRuleBuilder`2"/>.</param>
        </member>
        <member name="M:FluentValidation.FluentValidationExtensions.ReferenceDataTypeOf`1.As``1">
            <summary>
            Sets the <see cref="T:CoreEx.FluentValidation.ReferenceDataCodeValidator`2"/> for the specified <typeparamref name="TRef"/> <see cref="T:System.Type"/>.
            </summary>
            <typeparam name="TRef">The <see cref="T:CoreEx.RefData.IReferenceData"/> <see cref="T:System.Type"/>.</typeparam>
            <returns>The <see cref="T:FluentValidation.IRuleBuilderOptions`2"/> to support fluent-style method-chaining.</returns>
        </member>
        <member name="M:FluentValidation.FluentValidationExtensions.IsValid``2(FluentValidation.IRuleBuilder{``0,``1})">
            <summary>
            Defines an <see cref="T:CoreEx.RefData.IReferenceData"/> validator to ensure that the <see cref="P:CoreEx.RefData.IReferenceData.IsValid"/> is <c>true</c>.
            </summary>
            <typeparam name="T">The owning object <see cref="T:System.Type"/>.</typeparam>
            <typeparam name="TRef">The <see cref="T:CoreEx.RefData.IReferenceData"/> <see cref="T:System.Type"/>.</typeparam>
            <param name="ruleBuilder">The <paramref name="ruleBuilder"/> to enable the extension method.</param>
            <returns>The <see cref="T:FluentValidation.IRuleBuilderOptions`2"/> to support fluent-style method-chaining.</returns>
        </member>
        <member name="M:FluentValidation.FluentValidationExtensions.SetOptionalValidator``2(FluentValidation.IRuleBuilder{``0,``1},FluentValidation.IValidator{``1},System.String[])">
            <summary>
            Associates a validator provider with the current property rule where the property is nullable (and therefore optional).
            </summary>
            <typeparam name="T">The owning object <see cref="T:System.Type"/>.</typeparam>
            <typeparam name="TProperty">the property <see cref="T:System.Type"/>.</typeparam>
            <param name="ruleBuilder">The <paramref name="ruleBuilder"/> to enable the extension method.</param>
            <param name="validator">The property <see cref="T:FluentValidation.IValidator`1"/>.</param>
            <param name="ruleSets">The list of rule sets.</param>
            <returns>The <see cref="T:FluentValidation.IRuleBuilderOptions`2"/> to support fluent-style method-chaining.</returns>
            <remarks>Added as advised: <see href="https://github.com/FluentValidation/FluentValidation/issues/1320"/>.</remarks>
        </member>
        <member name="M:FluentValidation.FluentValidationExtensions.Wrap``1(FluentValidation.IValidator{``0})">
            <summary>
            Wraps the <i>FluentValidation</i> <see cref="T:FluentValidation.IValidator`1"/> to a <see cref="T:CoreEx.Validation.IValidator`1"/> using a <see cref="T:CoreEx.FluentValidation.ValidatorWrapper`1"/>.
            </summary>
            <typeparam name="T">The value <see cref="T:System.Type"/>.</typeparam>
            <param name="validator">The <i>FluentValidation</i> <see cref="T:FluentValidation.IValidator`1"/>.</param>
            <returns>The <see cref="T:CoreEx.Validation.IValidator`1"/>.</returns>
        </member>
        <member name="T:Microsoft.Extensions.DependencyInjection.IFluentServiceCollectionExtensions">
            <summary>
            Provides <see cref="T:Microsoft.Extensions.DependencyInjection.IServiceCollection"/> extensions.
            </summary>
        </member>
        <member name="M:Microsoft.Extensions.DependencyInjection.IFluentServiceCollectionExtensions.AddFluentValidator``2(Microsoft.Extensions.DependencyInjection.IServiceCollection)">
            <summary>
            Adds the <see cref="T:FluentValidation.IValidator`1"/> and corresponding <see cref="T:CoreEx.FluentValidation.ValidatorWrapper`1"/> as scoped services.
            </summary>
            <typeparam name="T">The value <see cref="T:System.Type"/>.</typeparam>
            <typeparam name="TValidator">The validator <see cref="T:System.Type"/>.</typeparam>
            <param name="services">The <see cref="T:Microsoft.Extensions.DependencyInjection.IServiceCollection"/>.</param>
            <returns>The <see cref="T:Microsoft.Extensions.DependencyInjection.IServiceCollection"/> for fluent-style method-chaining.</returns>
        </member>
        <member name="M:Microsoft.Extensions.DependencyInjection.IFluentServiceCollectionExtensions.AddFluentValidators``1(Microsoft.Extensions.DependencyInjection.IServiceCollection,System.Boolean)">
            <summary>
            Adds all the <see cref="T:FluentValidation.IValidator`1"/>(s) and corresponding <see cref="T:CoreEx.FluentValidation.ValidatorWrapper`1"/>(s) from the specified <typeparamref name="TAssembly"/> as scoped services.
            </summary>
            <typeparam name="TAssembly">The <see cref="T:System.Type"/> to infer the underlying <see cref="P:System.Type.Assembly"/>.</typeparam>
            <param name="services">The <see cref="T:Microsoft.Extensions.DependencyInjection.IServiceCollection"/>.</param>
            <param name="includeInternalTypes">Indicates whether to include internally defined types.</param>
            <returns>The <see cref="T:Microsoft.Extensions.DependencyInjection.IServiceCollection"/> for fluent-style method-chaining.</returns>
        </member>
        <member name="T:CoreEx.FluentValidation.ReferenceDataCodeValidator`2">
            <summary>
            Represents a <see cref="P:CoreEx.RefData.IReferenceData.Code"/> validator.
            </summary>
            <typeparam name="T">The owning object <see cref="T:System.Type"/>.</typeparam>
            <typeparam name="TRef">The <see cref="T:CoreEx.RefData.IReferenceData"/> <see cref="T:System.Type"/>.</typeparam>
        </member>
        <member name="P:CoreEx.FluentValidation.ReferenceDataCodeValidator`2.Name">
            <inheritdoc/>
        </member>
        <member name="M:CoreEx.FluentValidation.ReferenceDataCodeValidator`2.IsValid(FluentValidation.ValidationContext{`0},System.String)">
            <inheritdoc/>
        </member>
        <member name="M:CoreEx.FluentValidation.ReferenceDataCodeValidator`2.GetDefaultMessageTemplate(System.String)">
            <inheritdoc/>
        </member>
        <member name="T:CoreEx.FluentValidation.ReferenceDataValidator`2">
            <summary>
            Represents a <see cref="T:CoreEx.RefData.IReferenceData"/> validator.
            </summary>
            <typeparam name="T">The owning object <see cref="T:System.Type"/>.</typeparam>
            <typeparam name="TRef">The <see cref="T:CoreEx.RefData.IReferenceData"/> <see cref="T:System.Type"/>.</typeparam>
        </member>
        <member name="P:CoreEx.FluentValidation.ReferenceDataValidator`2.Name">
            <inheritdoc/>
        </member>
        <member name="M:CoreEx.FluentValidation.ReferenceDataValidator`2.IsValid(FluentValidation.ValidationContext{`0},`1)">
            <inheritdoc/>
        </member>
        <member name="M:CoreEx.FluentValidation.ReferenceDataValidator`2.GetDefaultMessageTemplate(System.String)">
            <inheritdoc/>
        </member>
        <member name="T:CoreEx.FluentValidation.ValidationExtensions">
            <summary>
            <c>FluentValidation</c> extension methods.
            </summary>
        </member>
        <member name="M:CoreEx.FluentValidation.ValidationExtensions.ThrowValidationException(FluentValidation.Results.ValidationResult)">
            <summary>
            Throws a <see cref="T:CoreEx.ValidationException"/> where the <see cref="T:FluentValidation.Results.ValidationResult"/> has errors (is not <see cref="P:FluentValidation.Results.ValidationResult.IsValid"/>).
            </summary>
            <param name="validationResult">The <see cref="T:FluentValidation.Results.ValidationResult"/>.</param>
            <exception cref="T:CoreEx.ValidationException">The resulting <see cref="T:CoreEx.ValidationException"/> where the <see cref="T:FluentValidation.Results.ValidationResult"/> has errors.</exception>
        </member>
        <member name="M:CoreEx.FluentValidation.ValidationExtensions.ToValidationException(FluentValidation.Results.ValidationResult)">
            <summary>
            Creates a <see cref="T:CoreEx.ValidationException"/> where the <see cref="T:FluentValidation.Results.ValidationResult"/> has errors (is not <see cref="P:FluentValidation.Results.ValidationResult.IsValid"/>).
            </summary>
            <param name="validationResult">The <see cref="T:FluentValidation.Results.ValidationResult"/>.</param>
            <returns>The <see cref="T:CoreEx.ValidationException"/> where the <see cref="T:FluentValidation.Results.ValidationResult"/> has errors; otherwise, <c>null</c>.</returns>
        </member>
        <member name="M:CoreEx.FluentValidation.ValidationExtensions.Wrap``1(FluentValidation.IValidator{``0})">
            <summary>
            Wraps the <i>FluentValidation</i> <see cref="T:FluentValidation.IValidator`1"/> to a <see cref="T:CoreEx.Validation.IValidator`1"/> using a <see cref="T:CoreEx.FluentValidation.ValidatorWrapper`1"/>.
            </summary>
            <typeparam name="T">The value <see cref="T:System.Type"/>.</typeparam>
            <param name="validator">The <i>FluentValidation</i> <see cref="T:FluentValidation.IValidator`1"/>.</param>
            <returns>The <see cref="T:CoreEx.Validation.IValidator`1"/>.</returns>
        </member>
        <member name="T:CoreEx.FluentValidation.ValidationResultWrapper`1">
            <summary>
            Represents a <see cref="T:FluentValidation.Results.ValidationResult"/> wrapper to enable <i>CoreEx</i> <see cref="T:CoreEx.Validation.IValidationResult"/>.
            </summary>
        </member>
        <member name="M:CoreEx.FluentValidation.ValidationResultWrapper`1.#ctor(FluentValidation.Results.ValidationResult,`0)">
            <summary>
            Initializes a new instance of the <see cref="T:CoreEx.FluentValidation.ValidationResultWrapper`1"/> class with the specified <paramref name="result"/>.
            </summary>
            <param name="result">The <see cref="T:FluentValidation.Results.ValidationResult"/> to wrap.</param>
            <param name="value">The originating value being validated.</param>
            <exception cref="T:System.ArgumentNullException"></exception>
        </member>
        <member name="M:CoreEx.FluentValidation.ValidationResultWrapper`1.#ctor">
            <summary>
            Initializes a new instance of the <see cref="T:CoreEx.FluentValidation.ValidationResultWrapper`1"/> class where the value was <c>null</c> and therefore no corresponding <see cref="P:CoreEx.FluentValidation.ValidationResultWrapper`1.Result"/>.
            </summary>
        </member>
        <member name="P:CoreEx.FluentValidation.ValidationResultWrapper`1.Result">
            <summary>
            Gets the underlying <see cref="T:FluentValidation.Results.ValidationResult"/> that is being wrapped (where applicable).
            </summary>
        </member>
        <member name="P:CoreEx.FluentValidation.ValidationResultWrapper`1.Value">
            <inheritdoc/>
        </member>
        <member name="P:CoreEx.FluentValidation.ValidationResultWrapper`1.HasErrors">
            <inheritdoc/>
        </member>
        <member name="P:CoreEx.FluentValidation.ValidationResultWrapper`1.Messages">
            <inheritdoc/>
        </member>
        <member name="M:CoreEx.FluentValidation.ValidationResultWrapper`1.CoreEx#Validation#IValidationResult#ThrowOnError">
            <inheritdoc/>
        </member>
        <member name="M:CoreEx.FluentValidation.ValidationResultWrapper`1.ThrowOnError">
            <summary>
            Throws a <see cref="T:CoreEx.ValidationException"/> where <see cref="P:CoreEx.FluentValidation.ValidationResultWrapper`1.HasErrors"/>.
            </summary>
            <returns>The <see cref="T:CoreEx.FluentValidation.ValidationResultWrapper`1"/> to support fluent-style method-chaining.</returns>
        </member>
        <member name="M:CoreEx.FluentValidation.ValidationResultWrapper`1.ToValidationException">
            <inheritdoc/>
        </member>
        <member name="T:CoreEx.FluentValidation.ValidatorWrapper`1">
            <summary>
            Represents an <see cref="T:FluentValidation.IValidator`1"/> wrapper to enable <i>CoreEx</i> <see cref="T:CoreEx.Validation.IValidator`1"/>.
            </summary>
            <typeparam name="T">The value <see cref="T:System.Type"/>.</typeparam>
        </member>
        <member name="M:CoreEx.FluentValidation.ValidatorWrapper`1.#ctor(FluentValidation.IValidator{`0})">
            <summary>
            Initializes a new instance of the <see cref="T:CoreEx.FluentValidation.ValidatorWrapper`1"/> class.
            </summary>
            <param name="fluentValidator">The <see cref="T:FluentValidation.IValidator`1"/> to wrap.</param>
        </member>
        <member name="P:CoreEx.FluentValidation.ValidatorWrapper`1.Validator">
            <summary>
            Gets the underlying <see cref="T:FluentValidation.IValidator`1"/> that is being wrapped.
            </summary>
        </member>
        <member name="M:CoreEx.FluentValidation.ValidatorWrapper`1.ValidateAsync(`0,System.Threading.CancellationToken)">
            <inheritdoc/>
        </member>
    </members>
</doc>
