<?xml version="1.0"?>
<doc>
    <assembly>
        <name>CoreEx.Azure</name>
    </assembly>
    <members>
        <member name="T:CoreEx.Azure.AppConfig.Extensions">
            <summary>
            Extensions for using Azure App Configuration Service
            </summary>
        </member>
        <member name="M:CoreEx.Azure.AppConfig.Extensions.AddAzureAppConfiguration(Microsoft.Extensions.Configuration.IConfigurationBuilder,System.String,System.String,System.String[])">
            <summary>
            Adds the Azure App Configuration provider for services using configuration builder
            </summary>
            <param name="builder">The <see cref="T:Microsoft.Extensions.Configuration.IConfigurationBuilder"/>.</param>
            <param name="connectionName">Name of the connection to use for Azure App Configuration in local configuration</param>
            <param name="labelFilter">The label filter to use for Azure App Configuration in local configuration</param>
            <param name="keyPrefixes">The application configuration key filters.</param>
            <returns>The <see cref="T:Microsoft.Extensions.Configuration.IConfigurationBuilder"/> instance to support fluent-style method-chaining.</returns>
            <exception cref="T:System.InvalidOperationException">Thrown when configuration value for provided key <param ref="AppConfigConnectionString"/> doesn't exist.</exception>
            <remarks>Use "UseLocal=true" value for app configuration connection string to skip connecting to Azure Service and use local values only.</remarks>
            <remarks>To use with Azure functions call it with <code>IFunctionsConfigurationBuilder.ConfigurationBuilder</code></remarks>
        </member>
        <member name="T:CoreEx.Azure.HealthChecks.AzureServiceBusQueueHealthCheck">
            <summary> Health check for Azure Service Bus Queue. </summary>
            <remarks> Check doesn't verify permissions to Send/Receive. <br/>
            To use this health check, add the following to the HealthCheckBuilder.
            Make sure to use **NAME** of the settings, not values themselves.
            <code>
            builder.Services
                .AddHealthChecks()
                .AddTypeActivatedCheck{AzureServiceBusQueueHealthCheck}(
                   "Check", 
                   HealthStatus.Unhealthy, 
                   nameof(Settings.ServiceBusConnection__fullyQualifiedNamespace), 
                   nameof(Settings.QueueName)
                );
            </code>
            </remarks>
        </member>
        <member name="M:CoreEx.Azure.HealthChecks.AzureServiceBusQueueHealthCheck.#ctor(CoreEx.Configuration.SettingsBase,System.String,System.String)">
            <summary> constructor. </summary>
            <remarks> Note that constructor takes setting NAMES not values, values are looked up from <paramref name="settings"/>. </remarks>
        </member>
        <member name="M:CoreEx.Azure.HealthChecks.AzureServiceBusQueueHealthCheck.CheckServiceBusHealthAsync(Azure.Messaging.ServiceBus.Administration.ServiceBusAdministrationClient,System.Threading.CancellationToken)">
            <inheritdoc/>
        </member>
        <member name="T:CoreEx.Azure.HealthChecks.AzureServiceBusTopicHealthCheck">
            <summary> Health check for Azure Service Bus Topic. </summary>
            <remarks> Check doesn't verify permissions to Send/Receive. <br/>
            To use this health check, add the following to the HealthCheckBuilder.
            Make sure to use **NAME** of the settings, not values themselves.
            <code>
            builder.Services
                .AddHealthChecks()
                .AddTypeActivatedCheck{AzureServiceBusTopicHealthCheck}(
                   "Check", 
                   HealthStatus.Unhealthy, 
                   nameof(Settings.ServiceBusConnection__fullyQualifiedNamespace), 
                   nameof(Settings.TopicName),
                   nameof(Settings.SubscriptionName)
                );
            </code>
            </remarks>
        </member>
        <member name="M:CoreEx.Azure.HealthChecks.AzureServiceBusTopicHealthCheck.#ctor(CoreEx.Configuration.SettingsBase,System.String,System.String,System.String)">
            <summary> constructor. </summary>
            <remarks> Note that constructor takes setting NAMES not values, values are looked up from <paramref name="settings"/>. </remarks>
        </member>
        <member name="M:CoreEx.Azure.HealthChecks.AzureServiceBusTopicHealthCheck.CheckServiceBusHealthAsync(Azure.Messaging.ServiceBus.Administration.ServiceBusAdministrationClient,System.Threading.CancellationToken)">
            <inheritdoc/>
        </member>
        <member name="T:CoreEx.Azure.HealthChecks.AzureServiceHealthCheckBase">
            <summary> Base Health check class for Azure Service Bus health checks. </summary>
        </member>
        <member name="F:CoreEx.Azure.HealthChecks.AzureServiceHealthCheckBase.ManagementClientConnections">
            <summary> Management connections used by health checks. </summary>
        </member>
        <member name="M:CoreEx.Azure.HealthChecks.AzureServiceHealthCheckBase.#ctor(CoreEx.Configuration.SettingsBase,System.String)">
            <summary> constructor. </summary>
            <remarks> Note that constructor takes setting NAMES not values, values are looked up from <paramref name="settings"/>. </remarks>
        </member>
        <member name="M:CoreEx.Azure.HealthChecks.AzureServiceHealthCheckBase.CheckHealthAsync(Microsoft.Extensions.Diagnostics.HealthChecks.HealthCheckContext,System.Threading.CancellationToken)">
            <inheritdoc/>
        </member>
        <member name="M:CoreEx.Azure.HealthChecks.AzureServiceHealthCheckBase.CheckServiceBusHealthAsync(Azure.Messaging.ServiceBus.Administration.ServiceBusAdministrationClient,System.Threading.CancellationToken)">
            <summary> Check Azure Service Bus health. </summary>
        </member>
        <member name="T:CoreEx.Azure.ServiceBus.IEventPurger">
            <summary>
            Defines the standardized <b>Event</b> purging via the actual messaging platform/protocol.
            </summary>
        </member>
        <member name="M:CoreEx.Azure.ServiceBus.IEventPurger.PurgeDeadLetterAsync(System.String,System.Action{Azure.Messaging.ServiceBus.ServiceBusReceivedMessage},System.Threading.CancellationToken)">
            <summary>
            Purges the dead letter <paramref name="queueName"/> of all the messages.
            </summary>
            <param name="queueName">The queue name.</param>
            <param name="messageAction">The optional action for each purged message.</param>
            <param name="cancellationToken">The <see cref="T:System.Threading.CancellationToken"/>.</param>
        </member>
        <member name="M:CoreEx.Azure.ServiceBus.IEventPurger.PurgeAsync(System.String,System.Action{Azure.Messaging.ServiceBus.ServiceBusReceivedMessage},System.Threading.CancellationToken)">
            <summary>
            Purges the <paramref name="queueName"/>  of all the messages.
            </summary>
            <param name="queueName">The queue name.</param>
            <param name="messageAction">The optional action for each purged message.</param>
            <param name="cancellationToken">The <see cref="T:System.Threading.CancellationToken"/>.</param>
        </member>
        <member name="M:CoreEx.Azure.ServiceBus.IEventPurger.PurgeDeadLetterAsync(System.String,System.String,System.Action{Azure.Messaging.ServiceBus.ServiceBusReceivedMessage},System.Threading.CancellationToken)">
            <summary>
            Purges the dead letter <paramref name="topicName"/> and <paramref name="subscriptionName"/> of all the messages.
            </summary>
            <param name="topicName">The topic name.</param>
            <param name="subscriptionName">The subscription name.</param>
            <param name="messageAction">The optional action for each purged message.</param>
            <param name="cancellationToken">The <see cref="T:System.Threading.CancellationToken"/>.</param>
        </member>
        <member name="M:CoreEx.Azure.ServiceBus.IEventPurger.PurgeAsync(System.String,System.String,System.Action{Azure.Messaging.ServiceBus.ServiceBusReceivedMessage},System.Threading.CancellationToken)">
            <summary>
            Purges the <paramref name="topicName"/> and <paramref name="subscriptionName"/> of all the messages.
            </summary>
            <param name="topicName">The topic name.</param>
            <param name="subscriptionName">The subscription name.</param>
            <param name="messageAction">The optional action for each purged message.</param>
            <param name="cancellationToken">The <see cref="T:System.Threading.CancellationToken"/>.</param>
        </member>
        <member name="T:CoreEx.Azure.ServiceBus.ServiceBusPurger">
            <summary>
            Provides the Azure ServiceBus purging capability.
            </summary>
        </member>
        <member name="M:CoreEx.Azure.ServiceBus.ServiceBusPurger.#ctor(Azure.Messaging.ServiceBus.ServiceBusClient,CoreEx.Configuration.SettingsBase,Microsoft.Extensions.Logging.ILogger{CoreEx.Azure.ServiceBus.ServiceBusPurger})">
            <summary>
            Initializes a new instance of the <see cref="T:CoreEx.Azure.ServiceBus.ServiceBusPurger"/> class.
            </summary>
            <param name="client">The underlying <see cref="T:Azure.Messaging.ServiceBus.ServiceBusClient"/>.</param>
            <param name="settings">The <see cref="T:CoreEx.Configuration.SettingsBase"/>.</param>
            <param name="logger">The <see cref="T:Microsoft.Extensions.Logging.ILogger"/>.</param>
        </member>
        <member name="M:CoreEx.Azure.ServiceBus.ServiceBusPurger.PurgeDeadLetterAsync(System.String,System.Action{Azure.Messaging.ServiceBus.ServiceBusReceivedMessage},System.Threading.CancellationToken)">
            <inheritdoc/>
        </member>
        <member name="M:CoreEx.Azure.ServiceBus.ServiceBusPurger.PurgeAsync(System.String,System.Action{Azure.Messaging.ServiceBus.ServiceBusReceivedMessage},System.Threading.CancellationToken)">
            <inheritdoc/>
        </member>
        <member name="M:CoreEx.Azure.ServiceBus.ServiceBusPurger.PurgeDeadLetterAsync(System.String,System.String,System.Action{Azure.Messaging.ServiceBus.ServiceBusReceivedMessage},System.Threading.CancellationToken)">
            <inheritdoc/>
        </member>
        <member name="M:CoreEx.Azure.ServiceBus.ServiceBusPurger.PurgeAsync(System.String,System.String,System.Action{Azure.Messaging.ServiceBus.ServiceBusReceivedMessage},System.Threading.CancellationToken)">
            <inheritdoc/>
        </member>
        <member name="M:CoreEx.Azure.ServiceBus.ServiceBusPurger.PurgeAsync(System.String,System.String,Azure.Messaging.ServiceBus.SubQueue,System.Action{Azure.Messaging.ServiceBus.ServiceBusReceivedMessage},System.Threading.CancellationToken)">
            <summary>
            Purges the queue or topic subscription.
            </summary>
        </member>
        <member name="T:CoreEx.Azure.ServiceBus.ServiceBusSender">
            <summary>
            Represents an Azure <see cref="T:Azure.Messaging.ServiceBus.ServiceBusClient"/> <see cref="T:CoreEx.Events.IEventSender"/>.
            </summary>
            <remarks>See <see cref="M:CoreEx.Azure.ServiceBus.ServiceBusSender.OnServiceBusMessage(CoreEx.Events.EventSendData,Azure.Messaging.ServiceBus.ServiceBusMessage)"/> for details of automatic <see cref="P:Azure.Messaging.ServiceBus.ServiceBusMessage.SessionId"/> and <see cref="P:Azure.Messaging.ServiceBus.ServiceBusMessage.TimeToLive"/> allocation.
            <para>Note, that any <see cref="P:CoreEx.Events.EventDataBase.Attributes"/> where the <see cref="P:System.Collections.Generic.KeyValuePair`2.Key"/> starts with an underscore character ('<c>_</c>') will <i>not</i> be included in the <see cref="P:Azure.Messaging.ServiceBus.ServiceBusMessage.ApplicationProperties"/>.</para></remarks>
        </member>
        <member name="M:CoreEx.Azure.ServiceBus.ServiceBusSender.#ctor(Azure.Messaging.ServiceBus.ServiceBusClient,CoreEx.ExecutionContext,CoreEx.Configuration.SettingsBase,Microsoft.Extensions.Logging.ILogger{CoreEx.Azure.ServiceBus.ServiceBusSender},CoreEx.Azure.ServiceBus.ServiceBusSenderInvoker)">
            <summary>
            Initializes a new instance of the <see cref="T:CoreEx.Azure.ServiceBus.ServiceBusSender"/> class.
            </summary>
            <param name="client">The underlying <see cref="T:Azure.Messaging.ServiceBus.ServiceBusClient"/>.</param>
            <param name="executionContext">The <see cref="P:CoreEx.Azure.ServiceBus.ServiceBusSender.ExecutionContext"/>.</param>
            <param name="settings">The <see cref="T:CoreEx.Configuration.SettingsBase"/>.</param>
            <param name="logger">The <see cref="T:Microsoft.Extensions.Logging.ILogger"/>.</param>
            <param name="invoker">The optional <see cref="T:CoreEx.Azure.ServiceBus.ServiceBusSenderInvoker"/>.</param>
        </member>
        <member name="P:CoreEx.Azure.ServiceBus.ServiceBusSender.Settings">
            <summary>
            Gets the <see cref="T:CoreEx.Configuration.SettingsBase"/>.
            </summary>
        </member>
        <member name="P:CoreEx.Azure.ServiceBus.ServiceBusSender.Logger">
            <summary>
            Gets the <see cref="T:Microsoft.Extensions.Logging.ILogger"/>.
            </summary>
        </member>
        <member name="P:CoreEx.Azure.ServiceBus.ServiceBusSender.Invoker">
            <summary>
            Gets the <see cref="T:CoreEx.Azure.ServiceBus.ServiceBusSenderInvoker"/>.
            </summary>
        </member>
        <member name="P:CoreEx.Azure.ServiceBus.ServiceBusSender.ExecutionContext">
            <summary>
            Gets the <see cref="T:CoreEx.ExecutionContext"/>.
            </summary>
        </member>
        <member name="P:CoreEx.Azure.ServiceBus.ServiceBusSender.DefaultQueueOrTopicName">
            <summary>
            Gets or sets the default queue or topic name used by <see cref="M:CoreEx.Azure.ServiceBus.ServiceBusSender.SendAsync(System.Collections.Generic.IEnumerable{CoreEx.Events.EventSendData},System.Threading.CancellationToken)"/> where <see cref="P:CoreEx.Events.EventSendData.Destination"/> is <c>null</c>.
            </summary>
        </member>
        <member name="P:CoreEx.Azure.ServiceBus.ServiceBusSender.PropertySelection">
            <summary>
            Gets or sets the <see cref="T:CoreEx.Events.EventSendData"/> property selection; where a property is selected it will be sent as one of the <see cref="P:Azure.Messaging.ServiceBus.ServiceBusMessage.ApplicationProperties"/>.
            </summary>
            <remarks>Defaults to <see cref="F:CoreEx.Events.EventDataProperty.All"/>.</remarks>
        </member>
        <member name="P:CoreEx.Azure.ServiceBus.ServiceBusSender.SessionIdAttributeName">
            <summary>
            Gets or sets the <see cref="P:CoreEx.Events.EventDataBase.Attributes"/> name for the <see cref="P:Azure.Messaging.ServiceBus.ServiceBusMessage.SessionId"/>.
            </summary>
            <remarks>Defaults to '<c>_SessionId</c>'.</remarks>
        </member>
        <member name="P:CoreEx.Azure.ServiceBus.ServiceBusSender.TimeToLiveAttributeName">
            <summary>
            Gets or sets the <see cref="P:CoreEx.Events.EventDataBase.Attributes"/> name for the <see cref="P:Azure.Messaging.ServiceBus.ServiceBusMessage.TimeToLive"/>.
            </summary>
            <remarks>Defaults to '<c>_TimeToLive</c>'.</remarks>
        </member>
        <member name="P:CoreEx.Azure.ServiceBus.ServiceBusSender.UsePartitionKeyAsSessionId">
            <summary>
            Indicates whether to use the <see cref="P:CoreEx.Events.EventDataBase.PartitionKey"/> as the <see cref="P:Azure.Messaging.ServiceBus.ServiceBusMessage.SessionId"/>.
            </summary>
        </member>
        <member name="M:CoreEx.Azure.ServiceBus.ServiceBusSender.SendAsync(System.Collections.Generic.IEnumerable{CoreEx.Events.EventSendData},System.Threading.CancellationToken)">
            <inheritdoc/>
        </member>
        <member name="M:CoreEx.Azure.ServiceBus.ServiceBusSender.PrependStats(System.String,System.Int32,System.Int32)">
            <summary>
            Prepend the sent stats to the message.
            </summary>
        </member>
        <member name="M:CoreEx.Azure.ServiceBus.ServiceBusSender.OnServiceBusMessage(CoreEx.Events.EventSendData,Azure.Messaging.ServiceBus.ServiceBusMessage)">
            <summary>
            Invoked to modify the <see cref="T:Azure.Messaging.ServiceBus.ServiceBusMessage"/> configuration prior to send.
            </summary>
            <param name="event">The <see cref="T:CoreEx.Events.EventSendData"/>.</param>
            <param name="message">The <see cref="T:Azure.Messaging.ServiceBus.ServiceBusMessage"/>.</param>
            <remarks>By default the <see cref="P:CoreEx.Azure.ServiceBus.ServiceBusSender.SessionIdAttributeName"/> will be used to update the <see cref="P:Azure.Messaging.ServiceBus.ServiceBusMessage.SessionId"/> from the <see cref="P:CoreEx.Events.EventDataBase.Attributes"/>, followed by the
            <see cref="P:CoreEx.Azure.ServiceBus.ServiceBusSender.UsePartitionKeyAsSessionId"/> option, until not <c>null</c>; otherwise, will be left as <c>null</c>.
            <para>Similarily, the <see cref="P:CoreEx.Azure.ServiceBus.ServiceBusSender.TimeToLiveAttributeName"/> will be used to update the <see cref="P:Azure.Messaging.ServiceBus.ServiceBusMessage.TimeToLive"/> from the <see cref="P:CoreEx.Events.EventDataBase.Attributes"/>.</para></remarks>
        </member>
        <member name="T:CoreEx.Azure.ServiceBus.ServiceBusSenderInvoker">
            <summary>
            Provides the standard <see cref="T:CoreEx.Azure.ServiceBus.ServiceBusSender"/> invoker functionality.
            </summary>
            <remarks>Suppresses the <see cref="T:System.Transactions.TransactionScope"/> as Azure Service Bus does not support distributed transactions and this may be invoked in the context of an already enlisted transaction.</remarks>
        </member>
        <member name="M:CoreEx.Azure.ServiceBus.ServiceBusSenderInvoker.OnInvokeAsync``1(CoreEx.Azure.ServiceBus.ServiceBusSender,System.Func{System.Threading.CancellationToken,System.Threading.Tasks.Task{``0}},System.Threading.CancellationToken)">
            <inheritdoc/>
        </member>
        <member name="T:CoreEx.Azure.ServiceBus.ServiceBusSubscriber">
            <summary>
            Provides the standard <see cref="T:Azure.Messaging.ServiceBus.ServiceBusReceivedMessage"/> subscribe (receive) execution encapsulation to run the underlying function logic in a consistent manner.
            </summary>
            <remarks>The <c>ReceiveAsync</c> enables the standardized logic. The correlation identifier is set using the <see cref="P:Azure.Messaging.ServiceBus.ServiceBusReceivedMessage.CorrelationId"/>; where <c>null</c> a <see cref="M:System.Guid.NewGuid"/> will be used as the 
            default. A <see cref="M:Microsoft.Extensions.Logging.ILogger.BeginScope``1(``0)"/> with the <see cref="P:CoreEx.ExecutionContext.CorrelationId"/> and <see cref="P:Azure.Messaging.ServiceBus.ServiceBusReceivedMessage.MessageId"/> is performed to wrap the logic logging with the correlation and
            message identifiers. Where the unhandled <see cref="T:System.Exception"/> is <see cref="P:CoreEx.Abstractions.IExtendedException.IsTransient"/> this will bubble out for the Azure Function runtime/fabric to retry and automatically deadletter; otherwise, it will be
            immediately deadletted with a reason of <see cref="P:CoreEx.Abstractions.IExtendedException.ErrorType"/> or <see cref="F:CoreEx.Abstractions.ErrorType.UnhandledError"/> depending on the exception <see cref="T:System.Type"/>.</remarks>
        </member>
        <member name="M:CoreEx.Azure.ServiceBus.ServiceBusSubscriber.#ctor(CoreEx.Events.IEventSerializer,CoreEx.ExecutionContext,CoreEx.Configuration.SettingsBase,Microsoft.Extensions.Logging.ILogger{CoreEx.Azure.ServiceBus.ServiceBusSubscriber})">
            <summary>
            Initializes a new instance of the <see cref="T:CoreEx.Azure.ServiceBus.ServiceBusSubscriber"/> class.
            </summary>
            <param name="eventSerializer">The <see cref="T:CoreEx.Events.IEventSerializer"/>.</param>
            <param name="executionContext">The <see cref="T:CoreEx.ExecutionContext"/>.</param>
            <param name="settings">The <see cref="T:CoreEx.Configuration.SettingsBase"/>.</param>
            <param name="logger">The <see cref="T:Microsoft.Extensions.Logging.ILogger"/>.</param>
        </member>
        <member name="M:CoreEx.Azure.ServiceBus.ServiceBusSubscriber.ReceiveAsync``1(Azure.Messaging.ServiceBus.ServiceBusReceivedMessage,Microsoft.Azure.WebJobs.ServiceBus.ServiceBusMessageActions,System.Func{CoreEx.Events.EventData{``0},System.Threading.Tasks.Task},System.Boolean,CoreEx.Validation.IValidator{``0},System.Func{CoreEx.Events.EventData{``0},System.Threading.Tasks.Task})">
            <summary>
            Encapsulates the execution of an <see cref="T:Azure.Messaging.ServiceBus.ServiceBusReceivedMessage"/> <paramref name="function"/> converting the <paramref name="message"/> into a corresponding <see cref="T:CoreEx.Events.EventData`1"/> for processing.
            </summary>
            <typeparam name="TValue">The event value <see cref="T:System.Type"/>.</typeparam>
            <param name="message">The <see cref="T:Azure.Messaging.ServiceBus.ServiceBusReceivedMessage"/>.</param>
            <param name="messageActions">The <see cref="T:Microsoft.Azure.WebJobs.ServiceBus.ServiceBusMessageActions"/>.</param>
            <param name="function">The function logic to invoke.</param>
            <param name="valueIsRequired">Indicates whether the value is required; will consider invalid where null.</param>
            <param name="validator">The <see cref="T:CoreEx.Validation.IValidator`1"/> to validate the deserialized value.</param>
            <param name="afterReceive">A function that enables the <paramref name="message"/> <see cref="T:CoreEx.Events.EventData"/> to be processed directly after the message is received and deserialized.</param>
        </member>
        <member name="M:CoreEx.Azure.ServiceBus.ServiceBusSubscriber.DeadLetterExceptionAsync(Azure.Messaging.ServiceBus.ServiceBusReceivedMessage,Microsoft.Azure.WebJobs.ServiceBus.ServiceBusMessageActions,System.String,System.Exception)">
            <summary>
            Performs the dead-lettering.
            </summary>
        </member>
        <member name="M:CoreEx.Azure.ServiceBus.ServiceBusSubscriber.ToDeadLetterReason(System.String)">
            <summary>
            Shortens the reason text to 4096 characters, which is the maximum allowed length for a dead letter reason.
            </summary>
        </member>
        <member name="T:Microsoft.Extensions.DependencyInjection.ServiceCollectionExtensions">
            <summary>
            Provides <see cref="T:Microsoft.Extensions.DependencyInjection.IServiceCollection"/> extensions.
            </summary>
        </member>
        <member name="M:Microsoft.Extensions.DependencyInjection.ServiceCollectionExtensions.AddAzureServiceBusClient(Microsoft.Extensions.DependencyInjection.IServiceCollection,System.String,System.Action{Azure.Messaging.ServiceBus.ServiceBusClientOptions,System.IServiceProvider})">
            <summary>
            Adds the Azure <see cref="T:Azure.Messaging.ServiceBus.ServiceBusClient"/>.
            </summary>
            <param name="services">The <see cref="T:Microsoft.Extensions.DependencyInjection.IServiceCollection"/>.</param>
            <param name="connectionName">The connection <see cref="T:CoreEx.Configuration.SettingsBase">configuration setting</see> name.</param>
            <param name="configure">Adds a delegate to configure the client options.</param>
            <returns>The <see cref="T:Microsoft.Extensions.DependencyInjection.IServiceCollection"/>.</returns>
        </member>
        <member name="M:Microsoft.Extensions.DependencyInjection.ServiceCollectionExtensions.AddAzureServiceBusSubscriber(Microsoft.Extensions.DependencyInjection.IServiceCollection)">
            <summary>
            Adds the Azure <see cref="T:CoreEx.Azure.ServiceBus.ServiceBusSubscriber"/>.
            </summary>
            <param name="services">The <see cref="T:Microsoft.Extensions.DependencyInjection.IServiceCollection"/>.</param>
            <returns>The <see cref="T:Microsoft.Extensions.DependencyInjection.IServiceCollection"/>.</returns>
        </member>
        <member name="M:Microsoft.Extensions.DependencyInjection.ServiceCollectionExtensions.AddAzureServiceBusSender(Microsoft.Extensions.DependencyInjection.IServiceCollection,System.Action{System.IServiceProvider,CoreEx.Azure.ServiceBus.ServiceBusSender})">
            <summary>
            Adds the <see cref="T:CoreEx.Azure.ServiceBus.ServiceBusSender"/> as the <see cref="T:CoreEx.Events.IEventSender"/> scoped service.
            </summary>
            <param name="services">The <see cref="T:Microsoft.Extensions.DependencyInjection.IServiceCollection"/>.</param>
            <param name="configure">The action to enable the <see cref="T:CoreEx.Azure.ServiceBus.ServiceBusSender"/> to be further configured.</param>
            <returns>The <see cref="T:Microsoft.Extensions.DependencyInjection.IServiceCollection"/>.</returns>
        </member>
        <member name="M:Microsoft.Extensions.DependencyInjection.ServiceCollectionExtensions.AddAzureServiceBusPurger(Microsoft.Extensions.DependencyInjection.IServiceCollection,System.Action{System.IServiceProvider,CoreEx.Azure.ServiceBus.ServiceBusPurger})">
            <summary>
            Adds the <see cref="T:CoreEx.Azure.ServiceBus.ServiceBusPurger"/> as the <see cref="T:CoreEx.Events.IEventSender"/> scoped service.
            </summary>
            <param name="services">The <see cref="T:Microsoft.Extensions.DependencyInjection.IServiceCollection"/>.</param>
            <param name="configure">The action to enable the <see cref="T:CoreEx.Azure.ServiceBus.ServiceBusPurger"/> to be further configured.</param>
            <returns>The <see cref="T:Microsoft.Extensions.DependencyInjection.IServiceCollection"/>.</returns>
        </member>
    </members>
</doc>
