<?xml version="1.0"?>
<doc>
    <assembly>
        <name>My.Hr.Api</name>
    </assembly>
    <members>
        <member name="M:My.Hr.Api.Controllers.EmployeeController.GetAsync(System.Guid)">
            <summary>
            Gets the specified <see cref="T:My.Hr.Business.Models.Employee"/>.
            </summary>
            <param name="id">The <see cref="T:My.Hr.Business.Models.Employee"/> identifier.</param>
            <returns>The selected <see cref="T:My.Hr.Business.Models.Employee"/> where found.</returns>
        </member>
        <member name="M:My.Hr.Api.Controllers.EmployeeController.GetAllAsync">
            <summary>
            Gets all <see cref="T:My.Hr.Business.Models.Employee"/>.
            </summary>
            <returns>All <see cref="T:My.Hr.Business.Models.Employee"/>.</returns>
        </member>
        <member name="M:My.Hr.Api.Controllers.EmployeeController.CreateAsync(CoreEx.Validation.IValidator{My.Hr.Business.Models.Employee})">
            <summary>
            Creates a new <see cref="T:My.Hr.Business.Models.Employee"/>.
            </summary>
            <param name="validator">The validator.</param>
            <returns>The created <see cref="T:My.Hr.Business.Models.Employee"/>.</returns>
        </member>
        <member name="M:My.Hr.Api.Controllers.EmployeeController.UpdateAsync(System.Guid,CoreEx.Validation.IValidator{My.Hr.Business.Models.Employee})">
            <summary>
            Updates an existing <see cref="T:My.Hr.Business.Models.Employee"/>.
            </summary>
            <param name="id">The <see cref="T:My.Hr.Business.Models.Employee"/> identifier.</param>
            <param name="validator">The validator.</param>
            <returns>The updated <see cref="T:My.Hr.Business.Models.Employee"/>.</returns>
        </member>
        <member name="M:My.Hr.Api.Controllers.EmployeeController.PatchAsync(System.Guid,CoreEx.Validation.IValidator{My.Hr.Business.Models.Employee})">
            <summary>
            Patches an existing <see cref="T:My.Hr.Business.Models.Employee"/>.
            </summary>
            <param name="id">The <see cref="T:My.Hr.Business.Models.Employee"/> identifier.</param>
            <param name="validator">The validator.</param>
            <returns>The updated <see cref="T:My.Hr.Business.Models.Employee"/>.</returns>
        </member>
        <member name="M:My.Hr.Api.Controllers.EmployeeController.DeleteAsync(System.Guid)">
            <summary>
            Deletes the specified <see cref="T:My.Hr.Business.Models.Employee"/>.
            </summary>
            <param name="id">The Id.</param>
        </member>
        <member name="M:My.Hr.Api.Controllers.EmployeeController.VerifyAsync(System.Guid)">
            <summary>
            Performs <see cref="T:My.Hr.Business.Models.Employee"/> verification in an asynchronous process.
            </summary>
        </member>
        <member name="T:My.Hr.Api.Controllers.HealthController">
            <summary>
            Health Controller
            </summary>
        </member>
        <member name="M:My.Hr.Api.Controllers.HealthController.Index">
            <summary>
            Health Endpoint
            </summary>
        </member>
        <member name="M:My.Hr.Api.Controllers.ReferenceDataController.USStateGetAll(System.Collections.Generic.IEnumerable{System.String},System.String)">
            <summary> 
            Gets all of the <see cref="T:My.Hr.Business.Models.USState"/> reference data items that match the specified criteria.
            </summary>
            <param name="codes">The reference data code list.</param>
            <param name="text">The reference data text (including wildcards).</param>
            <returns>A <see cref="T:My.Hr.Business.Models.USStateCollection"/>.</returns>
        </member>
        <member name="M:My.Hr.Api.Controllers.ReferenceDataController.GenderGetAll(System.Collections.Generic.IEnumerable{System.String},System.String)">
            <summary> 
            Gets all of the <see cref="T:My.Hr.Business.Models.Gender"/> reference data items that match the specified criteria.
            </summary>
            <param name="codes">The reference data code list.</param>
            <param name="text">The reference data text (including wildcards).</param>
            <returns>A <see cref="T:My.Hr.Business.Models.GenderCollection"/>.</returns>
        </member>
        <member name="T:My.Hr.Api.Controllers.SwaggerController">
            <summary>
            Swagger/OpenAPI documentation for the API.
            </summary>
        </member>
        <member name="M:My.Hr.Api.Controllers.SwaggerController.Index">
            <summary>
            Swagger/OpenAPI documentation for the API.
            </summary>
        </member>
        <member name="M:My.Hr.Api.Startup.ConfigureServices(Microsoft.Extensions.DependencyInjection.IServiceCollection)">
            <summary>
            The configure services method called by the runtime; use this method to add services to the container.
            </summary>
            <param name="services">The <see cref="T:Microsoft.Extensions.DependencyInjection.IServiceCollection"/>.</param>
        </member>
        <member name="M:My.Hr.Api.Startup.Configure(Microsoft.AspNetCore.Builder.IApplicationBuilder)">
            <summary>
            The configure method called by the runtime; use this method to configure the HTTP request pipeline.
            </summary>
            <param name="app">The <see cref="T:Microsoft.AspNetCore.Builder.IApplicationBuilder"/>.</param>
        </member>
    </members>
</doc>
